loss,metrics
4.291734218597412,1.0378202199935913
3.4544525146484375,0.9202010035514832
2.9674794673919678,0.8412547707557678
2.396050453186035,0.7424841523170471
2.226271390914917,0.7415273189544678
1.5380191802978516,0.5812585353851318
2.004253625869751,0.6671037673950195
1.7569550275802612,0.6429218053817749
2.1931605339050293,0.719325065612793
1.4164005517959595,0.5756263136863708
1.6628156900405884,0.6402968764305115
1.668759822845459,0.6378301978111267
1.7633823156356812,0.6389816403388977
1.511682152748108,0.5736991763114929
1.241470217704773,0.5134116411209106
1.4561055898666382,0.5704008936882019
1.1362956762313843,0.4914310872554779
1.1369633674621582,0.5012676119804382
1.2999048233032227,0.5362964272499084
0.9725223183631897,0.4605211317539215
0.9597353339195251,0.47527700662612915
0.8443962931632996,0.4132477343082428
0.7715708613395691,0.4056486189365387
1.131460189819336,0.4962852895259857
0.8650979399681091,0.4341650903224945
1.052067756652832,0.4955298900604248
1.0963709354400635,0.4832134246826172
0.9620210528373718,0.4506598711013794
0.8093106150627136,0.3985932767391205
0.8272059559822083,0.39812585711479187
1.0438131093978882,0.4880041182041168
0.9690783619880676,0.46158134937286377
0.7471360564231873,0.3710927665233612
0.7452082633972168,0.3780968487262726
0.9257261157035828,0.40890952944755554
1.0772839784622192,0.4813191592693329
0.7922165989875793,0.40759730339050293
0.8223872780799866,0.3998067080974579
0.7364663481712341,0.4000539481639862
0.6094449162483215,0.32650044560432434
0.5708729028701782,0.31924015283584595
0.7567658424377441,0.3796056807041168
0.7461807727813721,0.39818713068962097
0.7375277876853943,0.3613167107105255
0.8769976496696472,0.42130473256111145
0.7328808903694153,0.371098130941391
0.6867660880088806,0.3502272367477417
0.7545890212059021,0.36436203122138977
0.7357527613639832,0.36625492572784424
0.7780933380126953,0.41940340399742126
0.6519196629524231,0.3541812598705292
0.6647723913192749,0.39029523730278015
0.6979265213012695,0.3547898828983307
0.51468825340271,0.3032263517379761
0.5960797667503357,0.3168673515319824
0.6386541724205017,0.348714679479599
0.7750343680381775,0.4152153432369232
0.8791683316230774,0.4081149101257324
0.4981670081615448,0.2923923134803772
0.545276939868927,0.3193361461162567
0.4494330883026123,0.2634948790073395
0.3634280860424042,0.26605910062789917
0.5873087048530579,0.2839716970920563
0.6678369045257568,0.3689483106136322
0.8088102340698242,0.41289588809013367
0.3646378815174103,0.24362027645111084
0.5263374447822571,0.3389833867549896
0.3551619052886963,0.24274544417858124
0.5932402014732361,0.2987944781780243
0.4449874460697174,0.27660855650901794
0.5656769275665283,0.3309866189956665
0.5078825950622559,0.3345867693424225
0.45876237750053406,0.27908623218536377
0.4704430401325226,0.30155420303344727
0.5720518231391907,0.3261575996875763
0.4143393933773041,0.26287466287612915
0.5149653553962708,0.28586915135383606
0.4552231729030609,0.26962825655937195
0.37014397978782654,0.2520294487476349
0.5069841742515564,0.28155064582824707
0.47998422384262085,0.2927081286907196
0.483508825302124,0.2888800799846649
0.5018187165260315,0.2800789177417755
0.3818010985851288,0.2505241632461548
0.6220195889472961,0.3809204399585724
0.6000892519950867,0.36004722118377686
0.4360640048980713,0.26605024933815
0.4891226589679718,0.2787632942199707
0.4023191034793854,0.25590699911117554
0.3712567389011383,0.24301420152187347
0.4075615406036377,0.25247272849082947
0.3457256257534027,0.2292138785123825
0.5785812735557556,0.28645575046539307
0.2761744558811188,0.2229006439447403
0.28238436579704285,0.23068316280841827
0.4502464234828949,0.2683980166912079
0.4050767421722412,0.24884790182113647
0.5241238474845886,0.3678227365016937
0.3804568350315094,0.23912374675273895
0.4208455979824066,0.2525230944156647
0.2774145305156708,0.21765781939029694
0.42217323184013367,0.24237720668315887
0.5007696747779846,0.34641554951667786
0.4256116449832916,0.24906416237354279
0.4827258586883545,0.33701422810554504
0.5791679620742798,0.28102248907089233
0.2347765564918518,0.20726792514324188
0.35085657238960266,0.2403496950864792
0.227165088057518,0.17640556395053864
0.38911107182502747,0.27199631929397583
0.7932030558586121,0.4072500169277191
0.5384462475776672,0.3546275794506073
0.36370161175727844,0.2704428732395172
0.39059844613075256,0.26717111468315125
0.46241775155067444,0.3192482888698578
0.471957802772522,0.3099942207336426
0.2490871399641037,0.18889856338500977
0.3667497932910919,0.24511615931987762
0.35189858078956604,0.23998422920703888
0.2642369568347931,0.2269662469625473
0.26420629024505615,0.2096746563911438
0.3292994499206543,0.2551245391368866
0.3291413486003876,0.22130632400512695
0.16605445742607117,0.16747550666332245
0.2685064971446991,0.18476027250289917
0.9115670323371887,0.4885779321193695
0.580203115940094,0.3528783619403839
0.3887244164943695,0.28105655312538147
0.3713420331478119,0.248525932431221
0.2786853611469269,0.2046414613723755
0.3275965452194214,0.24222834408283234
0.2490725964307785,0.21704888343811035
0.3328610360622406,0.2806927263736725
0.20274126529693604,0.19177484512329102
0.32223793864250183,0.22333502769470215
0.3328005373477936,0.2241910845041275
0.25920677185058594,0.21806438267230988
0.26361826062202454,0.17794758081436157
0.2885952293872833,0.19869284331798553
0.3829551935195923,0.22260518372058868
0.19854143261909485,0.16766797006130219
0.18818144500255585,0.180375874042511
0.2621159553527832,0.1994289606809616
0.5498576760292053,0.37670281529426575
0.2814788818359375,0.21979741752147675
0.20383964478969574,0.17511212825775146
0.23911422491073608,0.2093256264925003
0.6817123293876648,0.3812131881713867
0.3257748782634735,0.26439058780670166
0.5347411632537842,0.3417685925960541
0.43657341599464417,0.2655021846294403
0.3115108907222748,0.2221153825521469
0.37438997626304626,0.2547719180583954
0.3121495246887207,0.2050708532333374
0.430812269449234,0.2794848084449768
0.24432767927646637,0.17953483760356903
0.41604486107826233,0.2629917562007904
0.2659413516521454,0.20721745491027832
0.2156304121017456,0.19362230598926544
0.2839379906654358,0.25247088074684143
0.3214431703090668,0.22165057063102722
0.2846659719944,0.21167950332164764
0.27398404479026794,0.23415865004062653
0.26322782039642334,0.20248262584209442
0.412699818611145,0.3132983148097992
0.4548487663269043,0.3169163763523102
0.4245603382587433,0.31065833568573
0.39601126313209534,0.26955199241638184
0.3094129264354706,0.20764608681201935
0.1680612713098526,0.1616973727941513
0.27927836775779724,0.23504655063152313
0.3414667546749115,0.23728211224079132
0.39515069127082825,0.28454357385635376
0.3050517141819,0.24058443307876587
0.1598348766565323,0.15903042256832123
0.3302818536758423,0.2202649563550949
0.22668194770812988,0.21029800176620483
0.16685308516025543,0.164794921875
0.4203263521194458,0.28520289063453674
0.24464935064315796,0.18060635030269623
0.3815630078315735,0.2671250104904175
0.18531721830368042,0.18071924149990082
0.32395634055137634,0.2532506585121155
0.4852520525455475,0.28283748030662537
0.2944320738315582,0.20986123383045197
0.17820186913013458,0.17067201435565948
0.279453843832016,0.2432304173707962
0.20709140598773956,0.18815134465694427
0.4009428322315216,0.30432868003845215
0.42146575450897217,0.3279953896999359
0.16676490008831024,0.18366743624210358
0.2712726593017578,0.20052121579647064
0.45774492621421814,0.30837276577949524
0.3218916654586792,0.24251945316791534
0.17447789013385773,0.17415668070316315
0.20862948894500732,0.18930917978286743
0.1582585722208023,0.15826457738876343
0.20154766738414764,0.1934412568807602
0.29292967915534973,0.2229251265525818
0.35836705565452576,0.21873162686824799
0.21949952840805054,0.18408766388893127
0.22550632059574127,0.21171295642852783
0.30211660265922546,0.2637147009372711
0.2955508828163147,0.20969803631305695
0.3402072489261627,0.25820446014404297
0.2670474350452423,0.2061646431684494
0.24837470054626465,0.22639238834381104
0.18215219676494598,0.1658237725496292
0.31505557894706726,0.23521387577056885
0.24224668741226196,0.2137739509344101
0.24036680161952972,0.2039564698934555
0.24963848292827606,0.21021737158298492
0.30690619349479675,0.24586254358291626
0.13394920527935028,0.15057921409606934
0.19633685052394867,0.1801466941833496
0.18396778404712677,0.17093634605407715
0.38440611958503723,0.2755710184574127
0.29161331057548523,0.24039679765701294
0.2017877846956253,0.17643380165100098
0.1655430793762207,0.18585623800754547
0.6011320352554321,0.2802564799785614
0.363663911819458,0.24884097278118134
0.3762500286102295,0.2634477913379669
0.46373143792152405,0.32664185762405396
0.20807397365570068,0.18058139085769653
0.21644854545593262,0.1756764054298401
0.21916942298412323,0.18936443328857422
0.19972826540470123,0.16615164279937744
0.4481086730957031,0.29653605818748474
0.1754692792892456,0.1704808920621872
0.17368511855602264,0.1572001427412033
0.2454032450914383,0.18841125071048737
0.15435954928398132,0.15737535059452057
0.45052292943000793,0.3551348149776459
0.1673794537782669,0.1501476913690567
0.22286517918109894,0.18559037148952484
0.2721674144268036,0.2544035315513611
0.21043694019317627,0.18066827952861786
0.30410826206207275,0.26163509488105774
0.21341247856616974,0.19864708185195923
0.3080182671546936,0.22966676950454712
0.25286006927490234,0.19506710767745972
0.2927844524383545,0.2635999023914337
0.15228591859340668,0.14724615216255188
0.14369462430477142,0.16326729953289032
0.15999436378479004,0.15958869457244873
0.14366303384304047,0.15830056369304657
0.23341916501522064,0.2137012630701065
0.09853317588567734,0.14022380113601685
0.2398710995912552,0.21302306652069092
0.2464890480041504,0.21381776034832
0.23290419578552246,0.21531802415847778
0.19932179152965546,0.17375175654888153
0.183538556098938,0.1679794043302536
0.4158296585083008,0.3177435100078583
0.39689597487449646,0.3196735084056854
0.3183439373970032,0.24577093124389648
0.16313870251178741,0.15638983249664307
0.5054841637611389,0.36996328830718994
0.2577565014362335,0.2330237478017807
0.1676565408706665,0.15546639263629913
0.21498553454875946,0.1976456642150879
0.2033780813217163,0.1886320263147354
0.2295011729001999,0.2125164419412613
0.24383972585201263,0.2261994481086731
0.20284219086170197,0.17885728180408478
0.1964331865310669,0.19353251159191132
0.15990054607391357,0.16966266930103302
0.16674207150936127,0.15641064941883087
0.26935985684394836,0.1693010777235031
0.19720812141895294,0.1966850757598877
0.20965521037578583,0.20602302253246307
0.1488938182592392,0.14419759809970856
0.1762743443250656,0.18216514587402344
0.4778456687927246,0.3453123867511749
0.18776226043701172,0.17217785120010376
0.17376549541950226,0.16496779024600983
0.14132638275623322,0.15143853425979614
0.1588960736989975,0.16828642785549164
0.2886165976524353,0.24905328452587128
0.13027366995811462,0.14806827902793884
0.20743328332901,0.19117654860019684
0.17082782089710236,0.17562216520309448
0.11696217209100723,0.14298251271247864
0.15515273809432983,0.15829841792583466
0.2674126625061035,0.21839159727096558
0.2993781566619873,0.2683740556240082
0.26659712195396423,0.20494385063648224
0.2698700428009033,0.2294946163892746
0.272246390581131,0.23884661495685577
0.6634754538536072,0.4292300045490265
0.5572800040245056,0.3808164894580841
0.19992804527282715,0.17322635650634766
0.2890205383300781,0.24480865895748138
0.2382771521806717,0.1869744509458542
0.20551206171512604,0.18023447692394257
0.1700218915939331,0.16183750331401825
0.22334377467632294,0.17099054157733917
0.22782087326049805,0.1862848401069641
0.17996852099895477,0.1876935213804245
0.18356052041053772,0.17334064841270447
0.16347116231918335,0.17282502353191376
0.23517973721027374,0.2141028195619583
0.24483847618103027,0.20740611851215363
0.10817521810531616,0.1465967446565628
0.349996417760849,0.26563116908073425
0.27698275446891785,0.22843866050243378
0.2852518856525421,0.2114424705505371
0.42719343304634094,0.32464170455932617
0.24219204485416412,0.20008023083209991
0.10609946399927139,0.1435774564743042
0.30342206358909607,0.2578314542770386
0.4349980056285858,0.30548572540283203
0.6235664486885071,0.36543571949005127
0.21579666435718536,0.19453643262386322
0.12650959193706512,0.1483622044324875
0.30130717158317566,0.26861974596977234
0.26475512981414795,0.21307949721813202
0.15113763511180878,0.15917252004146576
0.2355714589357376,0.19871796667575836
0.3485088348388672,0.21605825424194336
0.7191078066825867,0.37710437178611755
0.15415255725383759,0.16963444650173187
0.16130651533603668,0.18081068992614746
0.271030455827713,0.19738000631332397
0.18464122712612152,0.195018008351326
0.3192459046840668,0.21095158159732819
0.15918733179569244,0.16101005673408508
0.13398975133895874,0.15261699259281158
0.23954634368419647,0.19053179025650024
0.1436263918876648,0.16639241576194763
0.3258824050426483,0.2847842872142792
0.2612738609313965,0.21086715161800385
0.16626988351345062,0.17359204590320587
0.3632110059261322,0.2793101370334625
0.1884518414735794,0.2059333771467209
0.22463464736938477,0.21346153318881989
0.18006692826747894,0.17094002664089203
0.26563727855682373,0.1848568469285965
0.2023993730545044,0.1654118150472641
0.18214699625968933,0.1718364655971527
0.12866659462451935,0.14878958463668823
0.21836702525615692,0.17501674592494965
0.2214766889810562,0.1944712996482849
0.373746782541275,0.2590700685977936
0.29189443588256836,0.21244597434997559
0.21923567354679108,0.19769994914531708
0.14072301983833313,0.1517486721277237
0.21596284210681915,0.18076950311660767
0.2450842708349228,0.23463165760040283
0.16358356177806854,0.14518170058727264
0.2916213572025299,0.24129505455493927
0.19642092287540436,0.18716585636138916
0.2546006143093109,0.19753603637218475
0.13771657645702362,0.14105576276779175
0.1756579726934433,0.18581879138946533
0.10552376508712769,0.13406334817409515
0.2145489901304245,0.19264234602451324
0.36755597591400146,0.2846668064594269
0.14869290590286255,0.15731678903102875
0.19278857111930847,0.17298918962478638
0.21002109348773956,0.18614833056926727
0.21336953341960907,0.1874832957983017
0.22588562965393066,0.1929330676794052
0.3301047384738922,0.27979961037635803
0.40508154034614563,0.2693307101726532
0.32206109166145325,0.2407166212797165
0.27588823437690735,0.20381438732147217
0.40475812554359436,0.31368014216423035
0.2135745882987976,0.16632087528705597
0.18401892483234406,0.16393263638019562
0.2867955267429352,0.21870292723178864
0.29347094893455505,0.23780417442321777
0.2046167254447937,0.17538435757160187
0.18185581266880035,0.19372648000717163
0.1922999620437622,0.17428851127624512
0.2212057113647461,0.20627737045288086
0.22365619242191315,0.21297653019428253
0.2360578179359436,0.23267650604248047
0.13861599564552307,0.1578613966703415
0.19717270135879517,0.18138979375362396
0.15457986295223236,0.1483318954706192
0.35740986466407776,0.26357054710388184
0.17101891338825226,0.17730943858623505
0.327179878950119,0.2700284421443939
0.18730425834655762,0.16761237382888794
0.12767072021961212,0.15072639286518097
0.13906772434711456,0.14327238500118256
0.20437900722026825,0.1673937290906906
0.29234054684638977,0.2730865776538849
0.24830873310565948,0.23945045471191406
0.22092151641845703,0.1817365437746048
0.17967833578586578,0.1679135113954544
0.1445682793855667,0.14882884919643402
0.12083057314157486,0.1492825597524643
0.2754270136356354,0.2453363537788391
0.137342169880867,0.16408474743366241
0.30543357133865356,0.22608880698680878
0.1478927880525589,0.1726018190383911
0.276115745306015,0.20547451078891754
0.21773521602153778,0.17419758439064026
0.1559530347585678,0.14249958097934723
0.1620912402868271,0.19139449298381805
0.1552908569574356,0.15910769999027252
0.44067347049713135,0.34160569310188293
0.11967232078313828,0.13946934044361115
0.11817515641450882,0.15047645568847656
0.27464422583580017,0.2478814274072647
0.12568484246730804,0.15524834394454956
0.2834700345993042,0.25737816095352173
0.2253173142671585,0.19872526824474335
0.285018652677536,0.21135365962982178
0.15744782984256744,0.1646358221769333
0.1075214147567749,0.15287819504737854
0.08165094256401062,0.11520516872406006
0.1613103598356247,0.17327117919921875
0.190976083278656,0.18864725530147552
0.19665098190307617,0.16706009209156036
0.20479388535022736,0.22448718547821045
0.25553014874458313,0.2309207171201706
0.27913177013397217,0.27810829877853394
0.5368117690086365,0.3833352327346802
0.19536979496479034,0.19078023731708527
0.12648682296276093,0.14343900978565216
0.1617652028799057,0.1728774905204773
0.09686986356973648,0.1442209929227829
0.23201805353164673,0.23783935606479645
0.1784989833831787,0.14963524043560028
0.3134758472442627,0.2772037386894226
0.07044803351163864,0.11758778244256973
0.12086763232946396,0.14194943010807037
0.18245524168014526,0.18830682337284088
0.2448769211769104,0.18376749753952026
0.471243292093277,0.35589003562927246
0.6158553957939148,0.36940598487854004
0.3854222595691681,0.29387471079826355
0.20685285329818726,0.19682081043720245
0.24057400226593018,0.20189552009105682
0.09471708536148071,0.12440713495016098
0.1350298970937729,0.14862455427646637
0.18589377403259277,0.1618460863828659
0.11247227340936661,0.13838355243206024
0.16021724045276642,0.15900206565856934
0.10080999881029129,0.1384335160255432
0.1430148482322693,0.1520642191171646
0.206456258893013,0.18691736459732056
0.2452237606048584,0.21147744357585907
0.12907417118549347,0.1482635885477066
0.22498618066310883,0.22643010318279266
0.16677641868591309,0.13756419718265533
0.14952020347118378,0.14967279136180878
0.13586825132369995,0.1546000838279724
0.26899996399879456,0.2322816401720047
0.2464262694120407,0.1870558112859726
0.13199776411056519,0.1498880833387375
0.17427651584148407,0.1751919835805893
0.0712844505906105,0.1172657385468483
0.19623805582523346,0.16555440425872803
0.2522523105144501,0.23648981750011444
0.15035976469516754,0.1632104218006134
0.1619243323802948,0.14837978780269623
0.09970185160636902,0.1328868418931961
0.11926108598709106,0.14409807324409485
0.3539218008518219,0.29117047786712646
0.17473499476909637,0.15065109729766846
0.15905576944351196,0.1501561850309372
0.16875286400318146,0.16517755389213562
0.10604210942983627,0.13079899549484253
0.3966539800167084,0.28807738423347473
0.22870898246765137,0.20296509563922882
0.17760437726974487,0.17079369723796844
0.21661777794361115,0.17270678281784058
0.35856911540031433,0.27389875054359436
0.15561175346374512,0.16557703912258148
0.11419159919023514,0.14305230975151062
0.19659875333309174,0.17536617815494537
0.18001042306423187,0.15932780504226685
0.1447553187608719,0.1556166261434555
0.19137592613697052,0.16500459611415863
0.1610516458749771,0.14308950304985046
0.1591622233390808,0.17519864439964294
0.17836499214172363,0.1599586009979248
0.11600083857774734,0.1313239336013794
0.46952247619628906,0.3516063392162323
0.2025902271270752,0.1882162094116211
0.3876180648803711,0.29798588156700134
0.15061388909816742,0.1544574350118637
0.13578921556472778,0.1505945324897766
0.15414735674858093,0.17912662029266357
0.19507211446762085,0.2067093849182129
0.19716449081897736,0.18202348053455353
0.1966720074415207,0.16584903001785278
0.09080654382705688,0.12979646027088165
0.1019364520907402,0.13462196290493011
0.13805870711803436,0.15740375220775604
0.09422314167022705,0.12825004756450653
0.12769775092601776,0.13580365478992462
0.1814536452293396,0.19048438966274261
0.27578219771385193,0.2377018928527832
0.13667751848697662,0.14591650664806366
0.17466887831687927,0.16779442131519318
0.15753935277462006,0.1738014817237854
0.1338951736688614,0.14121423661708832
0.2505647838115692,0.243180051445961
0.4092164933681488,0.3055189549922943
0.3013867437839508,0.23179693520069122
0.2326284646987915,0.2300010323524475
0.08848241716623306,0.1310206949710846
0.15892933309078217,0.17121882736682892
0.15952666103839874,0.17014198005199432
0.10477336496114731,0.14053009450435638
0.15103892982006073,0.17112767696380615
0.11054707318544388,0.14450640976428986
0.1670723706483841,0.17069678008556366
0.24969011545181274,0.20498009026050568
0.13099198043346405,0.16728413105010986
0.19051913917064667,0.19930191338062286
0.09678340703248978,0.13290685415267944
0.2810198962688446,0.19407367706298828
0.09144127368927002,0.13001297414302826
0.1346399486064911,0.1485557109117508
0.25148698687553406,0.24881750345230103
0.17971718311309814,0.14489386975765228
0.27856969833374023,0.2573888599872589
0.3675442934036255,0.3099557161331177
0.1314297914505005,0.14840291440486908
0.07595449686050415,0.11480719596147537
0.3070664405822754,0.2721918523311615
0.11249005794525146,0.13751281797885895
0.2406247854232788,0.24264134466648102
0.21179145574569702,0.2222035676240921
0.18483416736125946,0.20093750953674316
0.0931171178817749,0.13922561705112457
0.08318332582712173,0.12935136258602142
0.0886721983551979,0.12369821220636368
0.11713692545890808,0.16011162102222443
0.08913622051477432,0.1202394962310791
0.2029920220375061,0.20259225368499756
0.1861557960510254,0.20855486392974854
0.1732320338487625,0.1830645203590393
0.11932887136936188,0.14724653959274292
0.2660551965236664,0.16806922852993011
0.18134455382823944,0.20713476836681366
0.15748994052410126,0.18384505808353424
0.14942920207977295,0.14860749244689941
0.5899474620819092,0.3910605013370514
0.08858763426542282,0.13496151566505432
0.19750355184078217,0.21736110746860504
0.1477430760860443,0.14687992632389069
0.21538977324962616,0.22170233726501465
0.27070924639701843,0.2585628926753998
0.13351888954639435,0.15340231359004974
0.25391408801078796,0.24872331321239471
0.08805004507303238,0.13220761716365814
0.11479026824235916,0.15055176615715027
0.1064087450504303,0.12246737629175186
0.09378425031900406,0.12925170361995697
0.1379992514848709,0.1371978521347046
0.11291351914405823,0.15721331536769867
0.07715059071779251,0.12155655026435852
0.21611879765987396,0.1732194423675537
0.08320993930101395,0.11382246017456055
0.08449503779411316,0.12266767024993896
0.3036671578884125,0.22760647535324097
0.22422216832637787,0.2129117101430893
0.08234725147485733,0.11217276006937027
0.17777509987354279,0.1925365924835205
0.2173393964767456,0.19899076223373413
0.23929232358932495,0.23810847103595734
0.09967285394668579,0.14243358373641968
0.15860901772975922,0.17851877212524414
0.16227087378501892,0.16157396137714386
0.36528339982032776,0.31052014231681824
0.11112555861473083,0.142933651804924
0.15757660567760468,0.18749022483825684
0.2024558037519455,0.20058633387088776
0.1332060545682907,0.1507481187582016
0.136119082570076,0.14770908653736115
0.10994714498519897,0.1353231817483902
0.29041871428489685,0.23261594772338867
0.09702464193105698,0.14140775799751282
0.08461526781320572,0.12430348247289658
0.0839054211974144,0.12631766498088837
0.20619617402553558,0.20159637928009033
0.20224077999591827,0.21815073490142822
0.0985531285405159,0.1428973376750946
0.17355863749980927,0.20218978822231293
0.2112899273633957,0.21579165756702423
0.1536375731229782,0.18428844213485718
0.18857544660568237,0.1684417575597763
0.1395309716463089,0.14797371625900269
0.3178175389766693,0.28231683373451233
0.20903004705905914,0.14931268990039825
0.20674000680446625,0.17317326366901398
0.09581908583641052,0.13484008610248566
0.11567962914705276,0.14914801716804504
0.139729842543602,0.14233483374118805
0.12896466255187988,0.16115234792232513
0.12140920013189316,0.13474701344966888
0.17373724281787872,0.1821780651807785
0.1428089141845703,0.1629095822572708
0.1111922487616539,0.13724254071712494
0.16682668030261993,0.16241209208965302
0.2710975706577301,0.2560919523239136
0.13938196003437042,0.14502966403961182
0.19560237228870392,0.14958497881889343
0.15700778365135193,0.15120960772037506
0.16836035251617432,0.13512910902500153
0.11392589658498764,0.15096919238567352
0.16874484717845917,0.16895978152751923
0.08633294701576233,0.12236597388982773
0.10492650419473648,0.1343744993209839
0.14945632219314575,0.15638451278209686
0.1362406462430954,0.14964734017848969
0.27347928285598755,0.2660028636455536
0.16731657087802887,0.17553001642227173
0.07446946948766708,0.1143428161740303
0.17156733572483063,0.19129206240177155
0.14816482365131378,0.14624352753162384
0.1537044644355774,0.14844967424869537
0.11245141923427582,0.14222389459609985
0.1952757090330124,0.2123294323682785
0.13257168233394623,0.1406787782907486
0.10134246945381165,0.13655643165111542
0.13772301375865936,0.15368832647800446
0.09509197622537613,0.12771545350551605
0.07859537750482559,0.12269186973571777
0.16477300226688385,0.1791849136352539
0.12445607781410217,0.14556564390659332
0.11756468564271927,0.1481633335351944
0.26975682377815247,0.26422426104545593
0.07970336824655533,0.12205803394317627
0.1405101716518402,0.14726522564888
0.22793592512607574,0.21958895027637482
0.19022969901561737,0.20554442703723907
0.07833720743656158,0.12223989516496658
0.07668229937553406,0.12022129446268082
0.1392000913619995,0.15091238915920258
0.12870267033576965,0.1482936441898346
0.06938881427049637,0.1101146936416626
0.12017875909805298,0.13456815481185913
0.14495061337947845,0.1659253090620041
0.26731374859809875,0.2627868354320526
0.44572755694389343,0.35614559054374695
0.1530817151069641,0.18433116376399994
0.08938924223184586,0.11992263793945312
0.151107519865036,0.1564626693725586
0.40196073055267334,0.31710848212242126
0.12367995828390121,0.1411571502685547
0.10351579636335373,0.13689960539340973
0.2415899783372879,0.239466592669487
0.19845037162303925,0.20231394469738007
0.06978484243154526,0.10779007524251938
0.10914140194654465,0.15459048748016357
0.13691659271717072,0.17061485350131989
0.22224660217761993,0.1978415995836258
0.0652540996670723,0.10991515964269638
0.14621184766292572,0.16057540476322174
0.149739071726799,0.1443803757429123
0.13131840527057648,0.1638306975364685
0.151020810008049,0.1861983686685562
0.09720513224601746,0.1319120079278946
0.11147742718458176,0.11423927545547485
0.24945275485515594,0.22644253075122833
0.1378782093524933,0.15093491971492767
0.2674889862537384,0.22113655507564545
0.14790163934230804,0.17730404436588287
0.1653331071138382,0.14643025398254395
0.18683035671710968,0.17166109383106232
0.15355603396892548,0.1650707870721817
0.10359204560518265,0.12064924091100693
0.3135216534137726,0.28016090393066406
0.14777038991451263,0.1795833557844162
0.1926068663597107,0.17178772389888763
0.07488048076629639,0.1143576130270958
0.16006939113140106,0.1808316856622696
0.09815921634435654,0.12420892715454102
0.20323659479618073,0.21002067625522614
0.12397847324609756,0.1667858213186264
0.15318827331066132,0.18120671808719635
0.16757333278656006,0.15408854186534882
0.15965841710567474,0.17072580754756927
0.08500935882329941,0.12405479699373245
0.09361737966537476,0.12988390028476715
0.14837045967578888,0.15968389809131622
0.12964124977588654,0.15535227954387665
0.1671595573425293,0.1869272142648697
0.11238482594490051,0.1514774113893509
0.13696454465389252,0.15618896484375
0.1795254796743393,0.17739450931549072
0.5818130373954773,0.3201567232608795
0.3386460840702057,0.252071350812912
0.33145245909690857,0.25182321667671204
0.1387607306241989,0.15510930120944977
0.15576107800006866,0.17980217933654785
0.3208141326904297,0.24100391566753387
0.1720765382051468,0.16713304817676544
0.2131948620080948,0.1908665895462036
0.10283427685499191,0.12566760182380676
0.12250625342130661,0.13266552984714508
0.24090901017189026,0.24906045198440552
0.16547608375549316,0.1713407188653946
0.13002246618270874,0.14871571958065033
0.2280035763978958,0.17574645578861237
0.1370580643415451,0.15324659645557404
0.1602802574634552,0.13799108564853668
0.20209847390651703,0.1574966311454773
0.11831262707710266,0.13923326134681702
0.2510601580142975,0.23958469927310944
0.10113317519426346,0.12612825632095337
0.14669744670391083,0.15613263845443726
0.15213987231254578,0.16855253279209137
0.1386423259973526,0.15339459478855133
0.13990353047847748,0.14179746806621552
0.13043081760406494,0.13203267753124237
0.15903572738170624,0.1644529551267624
0.1229909360408783,0.1442548781633377
0.14772169291973114,0.15134404599666595
0.20272278785705566,0.1883874088525772
0.1891009658575058,0.14438404142856598
0.11741523444652557,0.15722115337848663
0.09576623886823654,0.12018153071403503
0.09970171004533768,0.14525602757930756
0.13741202652454376,0.16132357716560364
0.13571526110172272,0.1640455573797226
0.11878059059381485,0.13857021927833557
0.07608675211668015,0.12368673086166382
0.19402863085269928,0.18380101025104523
0.13123153150081635,0.15804503858089447
0.16684281826019287,0.1716897040605545
0.17187225818634033,0.14888955652713776
0.18783165514469147,0.21004550158977509
0.061094220727682114,0.10541996359825134
0.10284586995840073,0.13581483066082
0.08726104348897934,0.11989448219537735
0.18321800231933594,0.18267786502838135
0.14975504577159882,0.17701047658920288
0.157024547457695,0.1863662451505661
0.1284705251455307,0.14524273574352264
0.11818021535873413,0.15591970086097717
0.13302776217460632,0.143413707613945
0.08529701828956604,0.12896792590618134
0.07082388550043106,0.10983103513717651
0.1536346822977066,0.13975216448307037
0.15650111436843872,0.15822218358516693
0.11442587524652481,0.15515446662902832
0.11380649358034134,0.1537732630968094
0.3450727164745331,0.24711380898952484
0.28192564845085144,0.2324855774641037
0.18415208160877228,0.1595633178949356
0.24258945882320404,0.23481543362140656
0.18076026439666748,0.17913462221622467
0.19772382080554962,0.1548832505941391
0.21499721705913544,0.18905210494995117
0.44354644417762756,0.3010610342025757
0.10740112513303757,0.1232096254825592
0.08384903520345688,0.12079450488090515
0.23559416830539703,0.23080192506313324
0.07366291433572769,0.1205536499619484
0.13331346213817596,0.15791283547878265
0.11722997575998306,0.1433081179857254
0.17145510017871857,0.19059281051158905
0.1987341195344925,0.20007622241973877
0.16278840601444244,0.16355375945568085
0.2023255079984665,0.20785649120807648
0.10752471536397934,0.13151340186595917
0.11311531811952591,0.1307433694601059
0.08280841261148453,0.12242570519447327
0.2110881209373474,0.21451443433761597
0.12399139255285263,0.15140117704868317
0.10993898659944534,0.15591178834438324
0.1624625325202942,0.17469166219234467
0.08989866822957993,0.1215415969491005
0.07672395557165146,0.11528778076171875
0.06885344535112381,0.10797979682683945
0.1060783788561821,0.13843707740306854
0.11111560463905334,0.13883282244205475
0.1448868066072464,0.12910069525241852
0.07167326658964157,0.11647161841392517
0.26069098711013794,0.2137724608182907
0.11561788618564606,0.14670875668525696
0.16645704209804535,0.16639558970928192
0.1222410723567009,0.15515783429145813
0.12865392863750458,0.16324953734874725
0.0716090202331543,0.1240355372428894
0.19829130172729492,0.20601607859134674
0.07526421546936035,0.11932874470949173
0.09315911680459976,0.13290409743785858
0.17003275454044342,0.16243605315685272
0.08218146860599518,0.12462463974952698
0.13660138845443726,0.16403083503246307
0.09685369580984116,0.13880854845046997
0.13130347430706024,0.17320942878723145
0.1273815631866455,0.1593831479549408
0.09535913914442062,0.1278609186410904
0.1130460873246193,0.13919885456562042
0.08907216042280197,0.13214991986751556
0.10187584161758423,0.13494940102100372
0.09623774886131287,0.13996189832687378
0.1393507868051529,0.17247863113880157
0.09592379629611969,0.14121127128601074
0.08413255959749222,0.12228414416313171
0.07224337011575699,0.10880777984857559
0.10195276141166687,0.12709131836891174
0.07356437295675278,0.11721619218587875
0.15240631997585297,0.18687093257904053
0.308089941740036,0.23079340159893036
0.2016466110944748,0.18138909339904785
0.13465116918087006,0.12798218429088593
0.09447184950113297,0.12855547666549683
0.11386241763830185,0.14963582158088684
0.07373612374067307,0.11672443896532059
0.16761630773544312,0.18989771604537964
0.24076712131500244,0.18457774817943573
0.12028583139181137,0.1632622331380844
0.17121611535549164,0.17473195493221283
0.09816209226846695,0.12043287605047226
0.13375116884708405,0.1357010453939438
0.08178921788930893,0.11594462394714355
0.15314888954162598,0.18078427016735077
0.09912492334842682,0.12706176936626434
0.2012220174074173,0.21621237695217133
0.06363273411989212,0.10980343073606491
0.1290322244167328,0.16186989843845367
0.1824343353509903,0.18413014709949493
0.19577908515930176,0.17309200763702393
0.14797113835811615,0.1649639755487442
0.10297337174415588,0.1450030356645584
0.08615241199731827,0.11756723374128342
0.07735329121351242,0.11983410269021988
0.4056187570095062,0.3005296289920807
0.15710791945457458,0.17827026546001434
0.12401086091995239,0.14047254621982574
0.0734395906329155,0.11670397967100143
0.06666234135627747,0.1134992465376854
0.2010200470685959,0.2035091519355774
0.21489013731479645,0.2138860821723938
0.07831426709890366,0.11583254486322403
0.09936404228210449,0.1399020105600357
0.09224266558885574,0.10881569236516953
0.10128229856491089,0.13464391231536865
0.14002268016338348,0.17347754538059235
0.11962892860174179,0.1578168421983719
0.16892266273498535,0.18627716600894928
0.1847904920578003,0.17480367422103882
0.12602859735488892,0.13824625313282013
0.18709170818328857,0.2119353860616684
0.08669829368591309,0.13769127428531647
0.15826982259750366,0.1454574465751648
0.13012279570102692,0.15944737195968628
0.1857224553823471,0.17646819353103638
0.09497639536857605,0.13181208074092865
0.09123903512954712,0.12747402489185333
0.08552435040473938,0.13374419510364532
0.12500275671482086,0.16301727294921875
0.09289542585611343,0.1310662180185318
0.12391803413629532,0.12164568901062012
0.14196954667568207,0.16703613102436066
0.10548093169927597,0.11585263162851334
0.0581623800098896,0.10037335008382797
0.15034347772598267,0.15705615282058716
0.06443829089403152,0.11204305291175842
0.11634815484285355,0.11465244740247726
0.08708939701318741,0.13762588798999786
0.17800332605838776,0.1839243769645691
0.22560113668441772,0.200001522898674
0.22015702724456787,0.16679291427135468
0.10776439309120178,0.13291411101818085
0.07867006212472916,0.11059808731079102
0.11416234821081161,0.13519074022769928
0.10371118783950806,0.12166327238082886
0.12088090926408768,0.1662415713071823
0.05882175639271736,0.10828479379415512
0.13642050325870514,0.1509905904531479
0.09888183325529099,0.12916657328605652
0.06398514658212662,0.10928723961114883
0.320220947265625,0.21994800865650177
0.1944209784269333,0.20372463762760162
0.25309130549430847,0.22313283383846283
0.19220305979251862,0.2087283879518509
0.1266132891178131,0.16924218833446503
0.13194318115711212,0.14044436812400818
0.19433610141277313,0.17059487104415894
0.1132366731762886,0.14856885373592377
0.05360778048634529,0.10180255025625229
0.07819255441427231,0.1204080656170845
0.08062677830457687,0.11373797059059143
0.09212195873260498,0.13657496869564056
0.10044578462839127,0.12321726232767105
0.09702259302139282,0.13352972269058228
0.2452360838651657,0.23626799881458282
0.10519664734601974,0.13750945031642914
0.1613861471414566,0.16715669631958008
0.1501574069261551,0.15836040675640106
0.1314326822757721,0.1594788283109665
0.1264205127954483,0.16042861342430115
0.07880741357803345,0.11629343032836914
0.18182255327701569,0.16611206531524658
0.106558658182621,0.12193930149078369
0.09775549173355103,0.12754826247692108
0.11286300420761108,0.14850832521915436
0.10147669166326523,0.13693581521511078
0.10136794298887253,0.12630577385425568
0.05225967988371849,0.10008815675973892
0.07573974877595901,0.11087030917406082
0.0747581347823143,0.13025349378585815
0.09052196890115738,0.126265749335289
0.13803444802761078,0.16894115507602692
0.16801120340824127,0.15531741082668304
0.05253961682319641,0.10024011135101318
0.1255679875612259,0.1427493691444397
0.08667725324630737,0.12860049307346344
0.09121441096067429,0.12341795116662979
0.07472136616706848,0.10095855593681335
0.10302985459566116,0.13506022095680237
0.07511027902364731,0.10898260027170181
0.0682952031493187,0.11283272504806519
0.08988908678293228,0.12197359651327133
0.08088842779397964,0.11433932930231094
0.06975375860929489,0.11431273072957993
0.09267747402191162,0.12332925200462341
0.1822894662618637,0.19223354756832123
0.15266896784305573,0.1804925948381424
0.1052994504570961,0.13860125839710236
0.12724830210208893,0.1621226966381073
0.13418994843959808,0.1787227839231491
0.18183183670043945,0.19289450347423553
0.10407433658838272,0.14465929567813873
0.16718918085098267,0.17518658936023712
0.1245776042342186,0.14145231246948242
0.074317567050457,0.11394033581018448
0.09132903069257736,0.140821635723114
0.052074551582336426,0.09553175419569016
0.08989251405000687,0.13496807217597961
0.08369185775518417,0.13095152378082275
0.14124570786952972,0.13297836482524872
0.22035662829875946,0.15844053030014038
0.04539655148983002,0.09320104122161865
0.08476069569587708,0.1188821792602539
0.07612629979848862,0.11899778991937637
0.10920660197734833,0.14411133527755737
0.06875511258840561,0.12069693952798843
0.07782356441020966,0.13115911185741425
0.09886661916971207,0.1485239416360855
0.15308605134487152,0.16210979223251343
0.08180653303861618,0.11904733628034592
0.06473802775144577,0.09547754377126694
0.0782296359539032,0.12642787396907806
0.2396409660577774,0.20359253883361816
0.06882476806640625,0.11612863093614578
0.08423447608947754,0.1324630081653595
0.14648453891277313,0.18214263021945953
0.06475705653429031,0.10465312004089355
0.04746370390057564,0.09916406869888306
0.07750915735960007,0.1217963919043541
0.06253093481063843,0.10613373667001724
0.11978491395711899,0.15700329840183258
0.05082814022898674,0.1021844744682312
0.06688109785318375,0.09629520773887634
0.0641729012131691,0.11196418851613998
0.10048393905162811,0.12101158499717712
0.0871691107749939,0.11672063916921616
0.07144549489021301,0.11690618842840195
0.10925134271383286,0.14003491401672363
0.12154069542884827,0.13508570194244385
0.2962067425251007,0.23876021802425385
0.16925473511219025,0.19046883285045624
0.09209076315164566,0.1286962479352951
0.1391652375459671,0.15612272918224335
0.08641364425420761,0.13205194473266602
0.20646889507770538,0.18472981452941895
0.14431728422641754,0.16669906675815582
0.22876505553722382,0.18385080993175507
0.13132327795028687,0.11924848705530167
0.0914713516831398,0.13005049526691437
0.15181386470794678,0.14774778485298157
0.08990711718797684,0.1327209323644638
0.13209612667560577,0.16800975799560547
0.08855104446411133,0.11629877239465714
0.06157520413398743,0.10509327799081802
0.09970330446958542,0.14876772463321686
0.07301165908575058,0.11529634147882462
0.10046457499265671,0.12751926481723785
0.1445302516222,0.15391184389591217
0.06891413033008575,0.11356452107429504
0.26037487387657166,0.1681617945432663
0.1710161715745926,0.1964087337255478
0.06197023391723633,0.1121872067451477
0.05878862738609314,0.10703578591346741
0.09725619107484818,0.14302939176559448
0.19695954024791718,0.209196999669075
0.10681360214948654,0.13877446949481964
0.1069452241063118,0.14433549344539642
0.06646052747964859,0.11574935168027878
0.07486304640769958,0.12423800677061081
0.05639602243900299,0.10103864222764969
0.08135080337524414,0.12643077969551086
0.09892923384904861,0.13627947866916656
0.11670190095901489,0.11637779325246811
0.05803446099162102,0.10583428293466568
0.08779264986515045,0.11966609954833984
0.09497781842947006,0.12758658826351166
0.14129948616027832,0.14522436261177063
0.08420079201459885,0.10228309780359268
0.06653188914060593,0.10267489403486252
0.4589802324771881,0.3267575204372406
0.09572247415781021,0.11618093401193619
0.08990031480789185,0.13722650706768036
0.09896398335695267,0.11617068201303482
0.055693596601486206,0.10290178656578064
0.12275973707437515,0.13774190843105316
0.0527905635535717,0.09591159969568253
0.13284805417060852,0.16148227453231812
0.05544881895184517,0.10587078332901001
0.12771113216876984,0.16012190282344818
0.056338708847761154,0.10675586014986038
0.2196502536535263,0.1823757439851761
0.16896755993366241,0.18526844680309296
0.3318796157836914,0.2778124213218689
0.17453622817993164,0.19475789368152618
0.13153162598609924,0.16802382469177246
0.11598756164312363,0.1209138035774231
0.05354649946093559,0.10401802510023117
0.11202601343393326,0.14382408559322357
0.1016063392162323,0.13738079369068146
0.11307813972234726,0.13910497725009918
0.09570399671792984,0.1218792200088501
0.1920977085828781,0.14715789258480072
0.1545155793428421,0.17538441717624664
0.10865787416696548,0.1412442922592163
0.12483706325292587,0.13999375700950623
0.0974549725651741,0.11707492917776108
0.05620940402150154,0.09818828105926514
0.08234453201293945,0.12976618111133575
0.058890342712402344,0.10849539190530777
0.09396902471780777,0.11930758506059647
0.06273870915174484,0.11336935311555862
0.09709920734167099,0.1336025595664978
0.09256657212972641,0.11516248434782028
0.287824422121048,0.2610686123371124
0.07403872162103653,0.10806450247764587
0.12047568708658218,0.1397225260734558
0.11659104377031326,0.11494234204292297
0.07653629034757614,0.12201931327581406
0.1242574080824852,0.15430404245853424
0.09361179918050766,0.12211104482412338
0.08045171201229095,0.11301902681589127
0.054423779249191284,0.10333434492349625
0.09846260398626328,0.12167319655418396
0.1014537438750267,0.1327432096004486
0.12461105734109879,0.168748140335083
0.15065741539001465,0.17877237498760223
0.13453412055969238,0.14273680746555328
0.07480957359075546,0.10877454280853271
0.052457015961408615,0.10077106952667236
0.10376524925231934,0.1296546310186386
0.09560513496398926,0.1174556091427803
0.06337635964155197,0.10752519220113754
0.12128868699073792,0.1010989174246788
0.10021260380744934,0.14725473523139954
0.19544818997383118,0.18096904456615448
0.07793540507555008,0.12598203122615814
0.07995841652154922,0.12072452902793884
0.08527529239654541,0.1312737911939621
0.10690054297447205,0.138677179813385
0.13053254783153534,0.1469206064939499
0.051003843545913696,0.09979274868965149
0.07510834187269211,0.11361125856637955
0.07412868738174438,0.12131476402282715
0.09785335510969162,0.1393253207206726
0.1260688751935959,0.15432646870613098
0.08051606267690659,0.11951128393411636
0.10428160429000854,0.11413053423166275
0.10781987756490707,0.1292916089296341
0.05879157781600952,0.09883997589349747
0.10449204593896866,0.1420811414718628
0.06459006667137146,0.10703804343938828
0.10384617000818253,0.11569719761610031
0.08089826256036758,0.11524804681539536
0.1476346105337143,0.18169359862804413
0.13877123594284058,0.1486976444721222
0.33980605006217957,0.2488616704940796
0.12519240379333496,0.17280828952789307
0.10073181986808777,0.12782959640026093
0.21279822289943695,0.2068151980638504
0.13257069885730743,0.16272643208503723
0.07422767579555511,0.1169610247015953
0.1182054951786995,0.12308292835950851
0.15330614149570465,0.17097967863082886
0.13259939849376678,0.1679842323064804
0.1067502424120903,0.12011293321847916
0.08469124883413315,0.11794739216566086
0.14181150496006012,0.16854871809482574
0.07290837168693542,0.10580126196146011
0.08262356370687485,0.1283881813287735
0.06166801229119301,0.11021094769239426
0.08502277731895447,0.10449602454900742
0.12458964437246323,0.1443476527929306
0.17612063884735107,0.19441020488739014
0.10269735008478165,0.13234831392765045
0.11995412409305573,0.1500217616558075
0.10393288731575012,0.12305155396461487
0.10741427540779114,0.12759628891944885
0.074678935110569,0.11111128330230713
0.07052972167730331,0.11475685983896255
0.09384486824274063,0.11903643608093262
0.08661957830190659,0.12279903143644333
0.073329858481884,0.11971700191497803
0.12515711784362793,0.1288687139749527
0.16035449504852295,0.1459423154592514
0.11267181485891342,0.15641085803508759
0.10936572402715683,0.14497657120227814
0.3006562888622284,0.2239893674850464
0.09889843314886093,0.11508669704198837
0.1085970401763916,0.11847569793462753
0.09792805463075638,0.1273200660943985
0.0858474001288414,0.1345808506011963
0.11316820979118347,0.13476510345935822
0.08238435536623001,0.12068206816911697
0.28514042496681213,0.24461506307125092
0.12428140640258789,0.15659745037555695
0.14119428396224976,0.14641393721103668
0.13158844411373138,0.13856954872608185
0.0704798698425293,0.11258665472269058
0.14026182889938354,0.15188558399677277
0.10500747710466385,0.13180916011333466
0.1389857977628708,0.14449167251586914
0.07187166064977646,0.11468509584665298
0.213519886136055,0.16608983278274536
0.08073098957538605,0.12829357385635376
0.08226101845502853,0.12813016772270203
0.09084299951791763,0.1319507509469986
0.11531596630811691,0.1581508070230484
0.11866072565317154,0.16028186678886414
0.3772047460079193,0.25072991847991943
0.1337878257036209,0.16842664778232574
0.1535656452178955,0.14388151466846466
0.08183867484331131,0.11564096808433533
0.0706147775053978,0.11680810898542404
0.08479706197977066,0.11788114160299301
0.1709667146205902,0.18480239808559418
0.2040676474571228,0.1850827932357788
0.11045701056718826,0.12988312542438507
0.08522174507379532,0.11711990088224411
0.09118286520242691,0.13075138628482819
0.08730486035346985,0.1228688582777977
0.0979679748415947,0.12733720242977142
0.10646682232618332,0.14093507826328278
0.13764335215091705,0.17355360090732574
0.12231159210205078,0.12921291589736938
0.1162085235118866,0.14114408195018768
0.10131368041038513,0.11775549501180649
0.08907792717218399,0.13123638927936554
0.11827997118234634,0.1394800990819931
0.07831253856420517,0.12214096635580063
0.23501236736774445,0.16586482524871826
0.10115817189216614,0.12662580609321594
0.1752997189760208,0.14544518291950226
0.07431119680404663,0.11223483085632324
0.07602426409721375,0.11510289460420609
0.13031572103500366,0.14512328803539276
0.07877784222364426,0.11914930492639542
0.09942439943552017,0.11346986144781113
0.10246019810438156,0.13157348334789276
0.11513260006904602,0.11529797315597534
0.08461010456085205,0.10549365729093552
0.14052961766719818,0.14671482145786285
0.08043026179075241,0.10422391444444656
0.08354386687278748,0.10053543001413345
0.16109241545200348,0.1591440588235855
0.14550364017486572,0.16740936040878296
0.08956459909677505,0.12554305791854858
0.052100569009780884,0.10417955368757248
0.07578528672456741,0.12226229906082153
0.07037630677223206,0.12141987681388855
0.08537892252206802,0.12437012046575546
0.11595895141363144,0.1290905922651291
0.10259047895669937,0.12709952890872955
0.20609158277511597,0.20088140666484833
0.13160213828086853,0.16973166167736053
0.07707034051418304,0.11986705660820007
0.05758132040500641,0.11101064831018448
0.08968383073806763,0.12502066791057587
0.0627661645412445,0.1132824495434761
0.1216157078742981,0.13582883775234222
0.08806534856557846,0.12875546514987946
0.09259480983018875,0.11193623393774033
0.061009492725133896,0.105156309902668
0.09511484950780869,0.14932380616664886
0.11975988000631332,0.13109934329986572
0.0765991136431694,0.10505581647157669
0.09308464080095291,0.11826852709054947
0.10357409715652466,0.1207808181643486
0.10306110233068466,0.14426781237125397
0.053621936589479446,0.10471396893262863
0.05990717187523842,0.10598385334014893
0.08281909674406052,0.11911141872406006
0.04715850576758385,0.1007586121559143
0.1006641611456871,0.11280212551355362
0.08832291513681412,0.11779332160949707
0.0782487541437149,0.1080690324306488
0.06227722391486168,0.10088612884283066
0.06912487000226974,0.11666180938482285
0.0921768769621849,0.13564138114452362
0.10676590353250504,0.11880738288164139
0.13928265869617462,0.14621534943580627
0.11100085824728012,0.1507018506526947
0.17870378494262695,0.1876860409975052
0.061637941747903824,0.10696310549974442
0.07451137900352478,0.12039963155984879
0.05970442667603493,0.10612744092941284
0.17588014900684357,0.18862314522266388
0.155389204621315,0.16870646178722382
0.11255268007516861,0.1387220025062561
0.2057816982269287,0.21366876363754272
0.21927733719348907,0.18486855924129486
0.08748012036085129,0.11246698349714279
0.0733356848359108,0.10849996656179428
0.08526311069726944,0.1079794242978096
0.10094817727804184,0.11643903702497482
0.05558387190103531,0.10854074358940125
0.1831798106431961,0.20046047866344452
0.07027895003557205,0.10927661508321762
0.06593406945466995,0.10842470079660416
0.05510707572102547,0.10152506083250046
0.10284423828125,0.12145302444696426
0.08153389394283295,0.10706201940774918
0.09173528105020523,0.12282981723546982
0.040620967745780945,0.09064840525388718
0.04574708268046379,0.09048540145158768
0.08289019763469696,0.12490443140268326
0.1544893980026245,0.13553175330162048
0.11899902671575546,0.1320033222436905
0.06461917608976364,0.10874921828508377
0.0687156394124031,0.10328560322523117
0.08863101154565811,0.11791444569826126
0.10479208081960678,0.10480943322181702
0.059406716376543045,0.10463347285985947
0.04584876075387001,0.09347967058420181
0.08914824575185776,0.1415065973997116
0.0802430585026741,0.11162623018026352
0.19401465356349945,0.21044452488422394
0.09957581758499146,0.12073415517807007
0.06482703238725662,0.11329331248998642
0.04264238476753235,0.08920228481292725
0.09300407022237778,0.12222937494516373
0.10361385345458984,0.12734763324260712
0.062428075820207596,0.11254119873046875
0.07672576606273651,0.1017516478896141
0.13338971138000488,0.14640024304389954
0.10283725708723068,0.12030170112848282
0.0762915387749672,0.1011028066277504
0.09227225184440613,0.11420756578445435
0.18968380987644196,0.18906424939632416
0.13175636529922485,0.13715846836566925
0.105861596763134,0.12373650074005127
0.08050259947776794,0.1266966015100479
0.07120577245950699,0.11491835862398148
0.14723770320415497,0.14558251202106476
0.0773375928401947,0.10848197340965271
0.1259039342403412,0.1536227911710739
0.07268450409173965,0.10775092989206314
0.04856516420841217,0.09297621250152588
0.1306738555431366,0.12788952887058258
0.13085657358169556,0.16813327372074127
0.14174506068229675,0.15651778876781464
0.14884787797927856,0.1528528928756714
0.1311235874891281,0.15995578467845917
0.09764295816421509,0.12441322952508926
0.17201204597949982,0.16217650473117828
0.09402235597372055,0.1389709860086441
0.06621783971786499,0.11129661649465561
0.1255783885717392,0.12642347812652588
0.42255720496177673,0.28868308663368225
0.1480884850025177,0.1630886346101761
0.1798238903284073,0.17957007884979248
0.15577811002731323,0.16967622935771942
0.15676751732826233,0.14252324402332306
0.11190769821405411,0.1455460488796234
0.09707323461771011,0.13405214250087738
0.13750538229942322,0.18257617950439453
0.2972997725009918,0.25863316655158997
0.0803261324763298,0.11108680814504623
0.050066787749528885,0.10071276873350143
0.09288329631090164,0.1471107453107834
0.10216418653726578,0.12433507293462753
0.10516941547393799,0.1270705908536911
0.1417590081691742,0.16722147166728973
0.12714336812496185,0.12856027483940125
0.0818801298737526,0.11473161727190018
0.20356647670269012,0.1745685338973999
0.0979289785027504,0.14152544736862183
0.0686420276761055,0.11613614112138748
0.15045616030693054,0.13213734328746796
0.15095175802707672,0.15084703266620636
0.0997387170791626,0.12965160608291626
0.06662911176681519,0.11430884152650833
0.11111706495285034,0.13063167035579681
0.09558670967817307,0.145133376121521
0.1524510383605957,0.15916000306606293
0.08060792833566666,0.11040794849395752
0.1297311782836914,0.12712128460407257
0.04905063286423683,0.09981230646371841
0.19604627788066864,0.13343869149684906
0.07738979905843735,0.11916399002075195
0.055649761110544205,0.10169544070959091
0.17690448462963104,0.13288988173007965
0.10630007833242416,0.14244388043880463
0.1887342780828476,0.19939565658569336
0.08529412746429443,0.11364272981882095
0.07412800937891006,0.11752191185951233
0.1469799280166626,0.13543570041656494
0.09984127432107925,0.14729024469852448
0.1488122045993805,0.18213127553462982
0.07209707051515579,0.10962753742933273
0.12926678359508514,0.16430170834064484
0.18277646601200104,0.20267920196056366
0.09954289346933365,0.1251569539308548
0.09233222156763077,0.12795130908489227
0.1349918097257614,0.1660548895597458
0.1137448325753212,0.12767863273620605
0.14300911128520966,0.18055689334869385
0.17517709732055664,0.1712244153022766
0.1006096825003624,0.12348213791847229
0.1358739733695984,0.16098786890506744
0.2080436795949936,0.18628531694412231
0.08505930751562119,0.12147817760705948
0.15198563039302826,0.13130488991737366
0.13207603991031647,0.13741947710514069
0.09808521717786789,0.13981957733631134
0.05924364551901817,0.11175414174795151
0.0731629878282547,0.10812754184007645
0.09087934345006943,0.1176111102104187
0.12591825425624847,0.12793917953968048
0.149542897939682,0.16828791797161102
0.0958426222205162,0.14178971946239471
0.11063084006309509,0.12181482464075089
0.1279274970293045,0.16211658716201782
0.11352276057004929,0.14553333818912506
0.11277583986520767,0.14513637125492096
0.14417630434036255,0.18148235976696014
0.07871023565530777,0.10760489851236343
0.11854920536279678,0.12138792872428894
0.10344500094652176,0.13167932629585266
0.07026898860931396,0.10601454973220825
0.0705762580037117,0.11174863576889038
0.11684992164373398,0.15628980100154877
0.09128767997026443,0.13582481443881989
0.10839245468378067,0.15384818613529205
0.084740549325943,0.11969839781522751
0.20299680531024933,0.2257683277130127
0.0971987172961235,0.13630135357379913
0.07680114358663559,0.11611124873161316
0.08707351237535477,0.12034785002470016
0.06811728328466415,0.1129937544465065
0.0699462816119194,0.12177080661058426
0.05748340114951134,0.10036411136388779
0.07767579704523087,0.12297642976045609
0.055803850293159485,0.10178164392709732
0.07317191362380981,0.12058023363351822
0.06562212109565735,0.11559237539768219
0.1259271204471588,0.1380571573972702
0.1466555893421173,0.15180657804012299
0.11263710260391235,0.15267090499401093
0.10824441909790039,0.11702277511358261
0.07509348541498184,0.11577814817428589
0.0751180574297905,0.12127134948968887
0.16178832948207855,0.1250360757112503
0.0876711830496788,0.13419069349765778
0.11023730784654617,0.14123736321926117
0.0784919261932373,0.12355569750070572
0.06552647054195404,0.10614524036645889
0.06151674687862396,0.09765101224184036
0.1055741235613823,0.12670212984085083
0.06486605852842331,0.11015218496322632
0.05796182155609131,0.1064763069152832
0.12014349550008774,0.15115195512771606
0.04213041439652443,0.09130053967237473
0.05529967322945595,0.10717549920082092
0.13318589329719543,0.1569957435131073
0.11534425616264343,0.14874249696731567
0.14806921780109406,0.14265286922454834
0.05871756002306938,0.10197924822568893
0.07630164176225662,0.11115764826536179
0.13651789724826813,0.13209092617034912
0.10835441201925278,0.13170291483402252
0.13255345821380615,0.16363896429538727
0.0566859245300293,0.10566731542348862
0.05413977429270744,0.09974808245897293
0.07355375587940216,0.10982948541641235
0.17031395435333252,0.15085454285144806
0.09478434175252914,0.13309802114963531
0.06267503648996353,0.11365177482366562
0.07284732908010483,0.1197090670466423
0.09034065157175064,0.12557227909564972
0.09633298963308334,0.12811850011348724
0.06103082001209259,0.10720058530569077
0.09694963693618774,0.14115116000175476
0.10683666914701462,0.15192757546901703
0.0910915955901146,0.11492945998907089
0.07884563505649567,0.12106626480817795
0.06349438428878784,0.1028829887509346
0.08627981692552567,0.1273040473461151
0.1224435344338417,0.12158119678497314
0.08851954340934753,0.11700145155191422
0.06417225301265717,0.11391004920005798
0.09966342896223068,0.14147166907787323
0.14947646856307983,0.18636764585971832
0.05052097514271736,0.09607134014368057
0.08494081348180771,0.13355611264705658
0.04702534154057503,0.09820345044136047
0.08114049583673477,0.12420443445444107
0.14292795956134796,0.1760590821504593
0.07750415056943893,0.10785973072052002
0.1240619421005249,0.1332312524318695
0.05972340330481529,0.10021984577178955
0.12219177931547165,0.12589390575885773
0.09233637899160385,0.13554875552654266
0.11400099843740463,0.13280963897705078
0.08594242483377457,0.11387476325035095
0.09261757880449295,0.1486840844154358
0.044990766793489456,0.09343746304512024
0.09883502125740051,0.1368783861398697
0.06311959773302078,0.11037514358758926
0.10143489390611649,0.1338271051645279
0.1159626916050911,0.12388939410448074
0.05300327017903328,0.10158147662878036
0.13019147515296936,0.16332343220710754
0.0733565166592598,0.10843542218208313
0.16377581655979156,0.19404339790344238
0.08822230249643326,0.11196798086166382
0.07444354891777039,0.11602815985679626
0.11177515238523483,0.14327014982700348
0.11814924329519272,0.10405293852090836
0.06683183461427689,0.10608178377151489
0.05977688357234001,0.10943830758333206
0.05636107921600342,0.10158469527959824
0.04470435902476311,0.09506455063819885
0.12071287631988525,0.1404181867837906
0.0592985562980175,0.10750707983970642
0.09178505837917328,0.14235298335552216
0.061789486557245255,0.10870140790939331
0.0774838924407959,0.10564675182104111
0.10014385730028152,0.1452905833721161
0.09717940539121628,0.12402626872062683
0.06571245938539505,0.10884977132081985
0.04979664459824562,0.09691601991653442
0.08155655115842819,0.1082993745803833
0.06673689931631088,0.09893918037414551
0.0713404044508934,0.10987897962331772
0.0700753703713417,0.10651309043169022
0.11301261931657791,0.148442804813385
0.049063023179769516,0.1021253764629364
0.07749729603528976,0.11838752031326294
0.09133785963058472,0.12481778860092163
0.08821604400873184,0.12206128984689713
0.06444811075925827,0.11070770025253296
0.11290843039751053,0.1605345606803894
0.14374569058418274,0.17114676535129547
0.10977540165185928,0.15390507876873016
0.07394707202911377,0.12244108319282532
0.04601815342903137,0.09338455647230148
0.0816267803311348,0.1321510523557663
0.09568178653717041,0.1073479950428009
0.052604224532842636,0.10085228830575943
0.06005820631980896,0.10419263690710068
0.28482162952423096,0.23662428557872772
0.07130943983793259,0.12227535992860794
0.05582907795906067,0.10519930720329285
0.07152748852968216,0.1288263350725174
0.10252482444047928,0.13036192953586578
0.10818316787481308,0.14010374248027802
0.10152208805084229,0.13411028683185577
0.038932833820581436,0.08655115216970444
0.11076036840677261,0.1232515200972557
0.1423422247171402,0.15256130695343018
0.09368102997541428,0.13047568500041962
0.10670530796051025,0.14079350233078003
0.06777016073465347,0.10291118174791336
0.08243197202682495,0.1283280998468399
0.08150503784418106,0.13209766149520874
0.08182736486196518,0.11671328544616699
0.07517537474632263,0.10601065307855606
0.060213495045900345,0.10446673631668091
0.08277230709791183,0.12059517949819565
0.14877836406230927,0.1787501573562622
0.13918207585811615,0.16237393021583557
0.0793272852897644,0.12382164597511292
0.06372471898794174,0.10527787357568741
0.07301536202430725,0.10175428539514542
0.12253126502037048,0.16096782684326172
0.17384187877178192,0.16418012976646423
0.07608876377344131,0.12051292508840561
0.09118453413248062,0.10857828706502914
0.048612404614686966,0.09472426027059555
0.055507462471723557,0.10120736807584763
0.058524906635284424,0.10862734168767929
0.11671095341444016,0.1306532323360443
0.09301560372114182,0.11365539580583572
0.07793278247117996,0.11417630314826965
0.09880374372005463,0.13996902108192444
0.19610847532749176,0.15282444655895233
0.11823413521051407,0.1281452178955078
0.06050650402903557,0.1122618317604065
0.09908787161111832,0.1153893768787384
0.06556759029626846,0.1117824912071228
0.12866002321243286,0.15948842465877533
0.13227994740009308,0.1507941633462906
0.1492091864347458,0.17781715095043182
0.08418253064155579,0.12985116243362427
0.13521714508533478,0.17352698743343353
0.07768525928258896,0.1077510342001915
0.043508321046829224,0.0913553461432457
0.10154324769973755,0.13289542496204376
0.11884433031082153,0.13642926514148712
0.0979679524898529,0.1398514360189438
0.16045928001403809,0.1315656453371048
0.049219582229852676,0.09740940481424332
0.0945253074169159,0.12399407476186752
0.10258713364601135,0.12046515196561813
0.06467950344085693,0.1161142885684967
0.09994524717330933,0.126362606883049
0.06407279521226883,0.1128072515130043
0.08347370475530624,0.13279415667057037
0.07818591594696045,0.11157751083374023
0.06287787854671478,0.11454559117555618
0.10357408970594406,0.11620151996612549
0.10119961947202682,0.12192698568105698
0.04198167845606804,0.08663996309041977
0.11432351917028427,0.14938972890377045
0.21834063529968262,0.23521433770656586
0.1103806123137474,0.1354004591703415
0.07583793997764587,0.11913198232650757
0.07527585327625275,0.11991956830024719
0.10434365272521973,0.13422860205173492
0.15255296230316162,0.13068537414073944
0.07787586003541946,0.10597098618745804
0.06961311399936676,0.11644432693719864
0.08443775773048401,0.09894892573356628
0.1007915735244751,0.10062175989151001
0.09655553102493286,0.1371135711669922
0.058872733265161514,0.10524209588766098
0.07978204637765884,0.11653897911310196
0.1064700186252594,0.15139733254909515
0.10145241767168045,0.10793357342481613
0.09262623637914658,0.14300596714019775
0.04317132756114006,0.09142887592315674
0.08968224376440048,0.12467315047979355
0.14771388471126556,0.11366039514541626
0.15695001184940338,0.18307697772979736
0.06406020373106003,0.11588311195373535
0.0832580104470253,0.11166950315237045
0.0601433701813221,0.11097630858421326
0.0888548418879509,0.12504856288433075
0.07938307523727417,0.10178352147340775
0.08484312891960144,0.11525777727365494
0.08647069334983826,0.12757517397403717
0.057682011276483536,0.10162606090307236
0.10194844007492065,0.13408733904361725
0.20242302119731903,0.18404753506183624
0.0845535397529602,0.12549225986003876
0.09249598532915115,0.104134701192379
0.08115172386169434,0.12597818672657013
0.07471945881843567,0.10106220096349716
0.13108931481838226,0.12378080934286118
0.10755369812250137,0.11928553134202957
0.07407283037900925,0.12025872617959976
0.0468805693089962,0.09410234540700912
0.05856463313102722,0.09786709398031235
0.053729161620140076,0.1040312647819519
0.06276294589042664,0.10769841820001602
0.07805182784795761,0.11345276236534119
0.058261189609766006,0.09614381939172745
0.09908000379800797,0.14695622026920319
0.0778479054570198,0.11151226609945297
0.10711950808763504,0.1395777016878128
0.057955432683229446,0.11054409295320511
0.1633203625679016,0.14501985907554626
0.10742702335119247,0.11874686926603317
0.059846650809049606,0.10607825964689255
0.07193642854690552,0.11436167359352112
0.07609739154577255,0.12768839299678802
0.0743546113371849,0.11653254181146622
0.06064935401082039,0.108326755464077
0.06921758502721786,0.10038357973098755
0.06453132629394531,0.10693071037530899
0.1643909066915512,0.14655855298042297
0.06881815940141678,0.10748976469039917
0.10302140563726425,0.1272118240594864
0.143178328871727,0.15260018408298492
0.07942748069763184,0.11085546016693115
0.08647754043340683,0.12462147325277328
0.07805147767066956,0.12089409679174423
0.07608013600111008,0.1256202608346939
0.07503735274076462,0.11505577713251114
0.07905890792608261,0.10488217324018478
0.09952390938997269,0.11518245190382004
0.06650848686695099,0.118623286485672
0.05586458742618561,0.10279630869626999
0.07528438419103622,0.12162686139345169
0.10051674395799637,0.1347833275794983
0.060151100158691406,0.10053277760744095
0.1347259283065796,0.13284097611904144
0.07169649004936218,0.12355745583772659
0.17560666799545288,0.16196773946285248
0.09823187440633774,0.1479036659002304
0.07584232836961746,0.11665650457143784
0.06889011710882187,0.10637161880731583
0.05586234852671623,0.10238710045814514
0.09019297361373901,0.12723909318447113
0.18832279741764069,0.18031096458435059
0.12199775129556656,0.14632683992385864
0.1264297366142273,0.14035293459892273
0.06556686013936996,0.1073795035481453
0.15977247059345245,0.1338128000497818
0.1188269853591919,0.1438363492488861
0.10846530646085739,0.12583468854427338
0.07998669892549515,0.11364325135946274
0.18951524794101715,0.1399984508752823
0.2437121719121933,0.22006027400493622
0.17641019821166992,0.20667918026447296
0.09345385432243347,0.13347996771335602
0.10184966772794724,0.1388307362794876
0.16247589886188507,0.1463899165391922
0.060502272099256516,0.10928670316934586
0.15129226446151733,0.19434629380702972
0.08543296903371811,0.12244913727045059
0.12066078186035156,0.12267469614744186
0.0937117263674736,0.13180311024188995
0.10778484493494034,0.1306174397468567
0.06376532465219498,0.10713481903076172
0.10196903347969055,0.14362072944641113
0.12463492900133133,0.15673230588436127
0.08649872988462448,0.1160539761185646
0.05494707450270653,0.1042654812335968
0.12009694427251816,0.13468684256076813
0.040783245116472244,0.09232401847839355
0.09023114293813705,0.11193728446960449
0.13471700251102448,0.13284999132156372
0.060760755091905594,0.10579518228769302
0.1537315845489502,0.17475482821464539
0.055269066244363785,0.10073274374008179
0.07418064028024673,0.10673254728317261
0.11124792695045471,0.15855316817760468
0.06466805934906006,0.11099093407392502
0.14299611747264862,0.1316821575164795
0.16342808306217194,0.1688331514596939
0.09558665007352829,0.13392864167690277
0.1505184769630432,0.14374534785747528
0.06174924969673157,0.10660254210233688
0.06565874069929123,0.10944334417581558
0.07369007170200348,0.11967713385820389
0.19097121059894562,0.20749033987522125
0.10711049288511276,0.11738709360361099
0.10845590382814407,0.1351252794265747
0.05701126158237457,0.1026667132973671
0.08716420084238052,0.12292885780334473
0.14581526815891266,0.13968394696712494
0.06800299137830734,0.10775621980428696
0.117755226790905,0.13009104132652283
0.1225099265575409,0.15922757983207703
0.0676226019859314,0.11164295673370361
0.07778552174568176,0.1197245717048645
0.1584644466638565,0.1700366586446762
0.07887960225343704,0.10771200805902481
0.17490434646606445,0.14239470660686493
0.08876011520624161,0.12594808638095856
0.07548657059669495,0.111547090113163
0.1559399515390396,0.13590441644191742
0.07867061346769333,0.11680766940116882
0.07752171158790588,0.11650392413139343
0.0709574744105339,0.11802447587251663
0.09705537557601929,0.135878786444664
0.06563491374254227,0.10829517245292664
0.06530720740556717,0.11632486432790756
0.12498099356889725,0.15056318044662476
0.08389369398355484,0.12326932698488235
0.04922567680478096,0.0960923433303833
0.19840113818645477,0.12481290847063065
0.05311168357729912,0.09862387180328369
0.05927523225545883,0.1066393330693245
0.07404384762048721,0.10920356959104538
0.04582110047340393,0.09332647174596786
0.07498776912689209,0.11052000522613525
0.071236751973629,0.11793629080057144
0.06371214240789413,0.10617605596780777
0.061397042125463486,0.10741645842790604
0.087775819003582,0.1400047093629837
0.07243170589208603,0.11791664361953735
0.08427273482084274,0.12235895544290543
0.06707233190536499,0.11920469254255295
0.043871983885765076,0.0944739580154419
0.12517838180065155,0.14177463948726654
0.091959647834301,0.13946034014225006
0.0846235379576683,0.11442756652832031
0.038310956209897995,0.08955803513526917
0.090798020362854,0.11494776606559753
0.06170763447880745,0.10587414354085922
0.1701541692018509,0.1567976325750351
0.19364941120147705,0.20118218660354614
0.10685987770557404,0.12495329976081848
0.13776996731758118,0.14912259578704834
0.05885942280292511,0.10339301824569702
0.06898457556962967,0.10051041841506958
0.19610464572906494,0.1802443265914917
0.08368254452943802,0.12501651048660278
0.08639180660247803,0.1383228600025177
0.13577507436275482,0.13365603983402252
0.10235153883695602,0.1118035614490509
0.07722058892250061,0.11058827489614487
0.0727328360080719,0.12383738905191422
0.06494057923555374,0.10391300171613693
0.07303478568792343,0.10601165890693665
0.11395758390426636,0.14182980358600616
0.09972387552261353,0.14997129142284393
0.11908012628555298,0.12628285586833954
0.163140669465065,0.12026453018188477
0.05130438879132271,0.09403422474861145
0.07170505076646805,0.10439658910036087
0.05386441946029663,0.10495775192975998
0.0878363698720932,0.13751213252544403
0.07143207639455795,0.11525124311447144
0.11263826489448547,0.14217649400234222
0.04998774453997612,0.10336413234472275
0.06432676315307617,0.10401753336191177
0.05844902619719505,0.10797113180160522
0.0716896653175354,0.11977323144674301
0.07999982684850693,0.12368381023406982
0.07301781326532364,0.1241617277264595
0.07763130217790604,0.11030566692352295
0.10649142414331436,0.14016331732273102
0.07082563638687134,0.1191888228058815
0.09098841995000839,0.12780697643756866
0.04933015629649162,0.09589162468910217
0.14596687257289886,0.11587827652692795
0.04963497817516327,0.09652456641197205
0.10907095670700073,0.1176835373044014
0.07271219044923782,0.11532291769981384
0.08427006006240845,0.12028539925813675
0.06797797232866287,0.10968002676963806
0.10465715825557709,0.15221858024597168
0.0674624964594841,0.09389133006334305
0.09414764493703842,0.10982754081487656
0.0682692900300026,0.11096564680337906
0.09618736058473587,0.1229739710688591
0.10242406278848648,0.13646316528320312
0.08653583377599716,0.12702198326587677
0.054864514619112015,0.10393572598695755
0.11251518875360489,0.11742816120386124
0.05515061691403389,0.10546515136957169
0.08122518658638,0.11305936425924301
0.07002841681241989,0.10690107196569443
0.05909661576151848,0.10628762096166611
0.0662689283490181,0.10506874322891235
0.14113347232341766,0.11770356446504593
0.07548879832029343,0.10280150920152664
0.15501824021339417,0.14369751513004303
0.10213467478752136,0.12702348828315735
0.06681173294782639,0.1125146821141243
0.23089738190174103,0.2262704223394394
0.16233128309249878,0.163087397813797
0.07978490740060806,0.12263437360525131
0.06652344018220901,0.11656861752271652
0.2338785082101822,0.2469121664762497
0.08637440204620361,0.1380898803472519
0.07364196330308914,0.117747463285923
0.10541155189275742,0.11661086231470108
0.07712540030479431,0.11514890193939209
0.11244580149650574,0.11967051774263382
0.07634589821100235,0.11493441462516785
0.043533533811569214,0.08970975875854492
0.06089550256729126,0.10239938646554947
0.13288074731826782,0.14587542414665222
0.08268794417381287,0.10645214468240738
0.061999768018722534,0.0956098809838295
0.12331858277320862,0.12330857664346695
0.07752387970685959,0.1279342919588089
0.06206895411014557,0.09994668513536453
0.09911855310201645,0.13871924579143524
0.05765405297279358,0.10202208161354065
0.06146262586116791,0.10566822439432144
0.04479183256626129,0.09581352025270462
0.03571971133351326,0.08436554670333862
0.09468725323677063,0.14486312866210938
0.06083036586642265,0.10430312156677246
0.057213056832551956,0.0973057970404625
0.11478888243436813,0.14004941284656525
0.04612324759364128,0.0956907868385315
0.12009438872337341,0.1114492416381836
0.04993591830134392,0.09783276915550232
0.236324742436409,0.15158775448799133
0.09646926075220108,0.14131291210651398
0.3034495711326599,0.2493736296892166
0.262531042098999,0.21179704368114471
0.08938044309616089,0.13282544910907745
0.15878702700138092,0.1580788642168045
0.10474157333374023,0.12076177448034286
0.2186429500579834,0.20579804480075836
0.10359391570091248,0.11793426424264908
0.08735636621713638,0.1200791671872139
0.19796082377433777,0.22781699895858765
0.05305267870426178,0.09178493171930313
0.08268488198518753,0.1190519705414772
0.05131900683045387,0.09976489096879959
0.0986870527267456,0.12755198776721954
0.08767358213663101,0.13300473988056183
0.13044236600399017,0.12646958231925964
0.05816854164004326,0.09694001823663712
0.13747696578502655,0.1555011123418808
0.08748627454042435,0.12990199029445648
0.1160859763622284,0.16767561435699463
0.12308919429779053,0.15173278748989105
0.11206110566854477,0.15054745972156525
0.07620205730199814,0.11612498760223389
0.055206939578056335,0.10567841678857803
0.14565710723400116,0.14617061614990234
0.06148911640048027,0.10884448140859604
0.11410778760910034,0.14532031118869781
0.05937863886356354,0.10701379179954529
0.0905071422457695,0.1314544528722763
0.06940987706184387,0.118509940803051
0.06829524785280228,0.10826992988586426
0.21654069423675537,0.22327785193920135
0.04054926708340645,0.08862335234880447
0.07830969244241714,0.12540525197982788
0.08627846091985703,0.12409337610006332
0.080057792365551,0.12389516830444336
0.05598754808306694,0.10839561372995377
0.13894645869731903,0.16767700016498566
0.04951837658882141,0.09830006211996078
0.08320973813533783,0.11819788068532944
0.114252008497715,0.11228922009468079
0.0916961058974266,0.11988835781812668
0.2453581541776657,0.17822177708148956
0.10785004496574402,0.12790843844413757
0.05185646936297417,0.10151714831590652
0.16149882972240448,0.18370650708675385
0.11572536081075668,0.1316179782152176
0.09562797099351883,0.12119743973016739
0.120818592607975,0.14004075527191162
0.08075347542762756,0.12249200791120529
0.06229011341929436,0.10051620006561279
0.06422889232635498,0.10288038104772568
0.0955691933631897,0.12177827209234238
0.06115572154521942,0.10306284576654434
0.05188162252306938,0.09575474262237549
0.06448959559202194,0.11054205894470215
0.1343756914138794,0.15579341351985931
0.06634987145662308,0.1138758584856987
0.058653030544519424,0.10526562482118607
0.08315999060869217,0.11182212829589844
0.0915130153298378,0.11305483430624008
0.08895185589790344,0.1099977120757103
0.045961182564496994,0.09390998631715775
0.08153650909662247,0.11665618419647217
0.06117654964327812,0.10207327455282211
0.15954037010669708,0.12387177348136902
0.06694930791854858,0.10149457305669785
0.16989602148532867,0.13751885294914246
0.09069973230361938,0.12387129664421082
0.1442694365978241,0.14630061388015747
0.10419563204050064,0.144972562789917
0.1686333864927292,0.11987916380167007
0.07723923772573471,0.1127164363861084
0.13762439787387848,0.1620519757270813
0.07131382077932358,0.11046099662780762
0.06696483492851257,0.1093912199139595
0.05333229899406433,0.10375744104385376
0.1268385648727417,0.11387944221496582
0.09329959750175476,0.12876705825328827
0.07297617942094803,0.1045081838965416
0.08621498942375183,0.12360924482345581
0.1091264858841896,0.13545487821102142
0.1013101264834404,0.14023898541927338
0.07822703570127487,0.11827162653207779
0.0709988996386528,0.10725406557321548
0.1229373887181282,0.17707912623882294
0.044815003871917725,0.0884142816066742
0.0992695763707161,0.14452742040157318
0.052292436361312866,0.1066867932677269
0.06530044972896576,0.10941734910011292
0.09726247936487198,0.10528866201639175
0.08525875210762024,0.10110751539468765
0.06499543786048889,0.10871777683496475
0.11076345294713974,0.12216693162918091
0.09481114894151688,0.10974334925413132
0.07914871722459793,0.1273069530725479
0.10225860029459,0.11703931540250778
0.10006701201200485,0.11484471708536148
0.05562354996800423,0.10120388865470886
0.053633030503988266,0.10033529251813889
0.06522379070520401,0.08909258991479874
0.09384685754776001,0.10788116604089737
0.07304752618074417,0.1220315471291542
0.08508730679750443,0.12764275074005127
0.14588302373886108,0.13776643574237823
0.09494487196207047,0.12816834449768066
0.07529333233833313,0.12637706100940704
0.08517246693372726,0.11505412310361862
0.14535962045192719,0.17372721433639526
0.05275498330593109,0.09606440365314484
0.06827142834663391,0.10774532705545425
0.2870577871799469,0.15693940222263336
0.18582062423229218,0.184162899851799
0.11976838111877441,0.15905122458934784
0.07682950049638748,0.10196870565414429
0.06027602776885033,0.1026768758893013
0.13754414021968842,0.1682201474905014
0.06671563535928726,0.10632679611444473
0.07631959766149521,0.1067156121134758
0.057414423674345016,0.0959886983036995
0.056333571672439575,0.10346917062997818
0.0550762303173542,0.10840350389480591
0.1445135921239853,0.14457650482654572
0.06891697645187378,0.1113792434334755
0.10058983415365219,0.12789572775363922
0.06404636800289154,0.099613718688488
0.10852942615747452,0.129644513130188
0.05835835635662079,0.10693100094795227
0.10189017653465271,0.126878559589386
0.0882716253399849,0.14739710092544556
0.07325118035078049,0.1235092356801033
0.19873887300491333,0.1585814207792282
0.16098380088806152,0.146399587392807
0.059185463935136795,0.1043989285826683
0.07407114654779434,0.12594594061374664
0.06517375260591507,0.10452896356582642
0.08041723072528839,0.1322750747203827
0.09301403909921646,0.12855546176433563
0.06917733699083328,0.10806721448898315
0.12988793849945068,0.16006430983543396
0.04665009304881096,0.09847837686538696
0.06612389534711838,0.11457717418670654
0.05026187002658844,0.10011088103055954
0.08782043308019638,0.1362782120704651
0.05888181924819946,0.10823478549718857
0.052827540785074234,0.10078445076942444
0.1976025551557541,0.17697124183177948
0.10580268502235413,0.10636261105537415
0.08306503295898438,0.13412924110889435
0.09625755250453949,0.12941497564315796
0.06633613258600235,0.12102120369672775
0.07277026027441025,0.12152242660522461
0.06116268038749695,0.1090206503868103
0.07400614768266678,0.11875174194574356
0.08270957320928574,0.12055575847625732
0.06483829766511917,0.11603102833032608
0.06386879831552505,0.10151351243257523
0.10019590705633163,0.1268322616815567
0.05672348663210869,0.10112154483795166
0.07725914567708969,0.1155581846833229
0.036175187677145004,0.082920603454113
0.07467830181121826,0.11734441667795181
0.06221511960029602,0.09395193308591843
0.07257445156574249,0.10031022876501083
0.10017535835504532,0.12470170110464096
0.1513856053352356,0.12924878299236298
0.0797988697886467,0.10537465661764145
0.06241675838828087,0.10690888017416
0.11347979307174683,0.11996074765920639
0.07479064911603928,0.1199926808476448
0.05241264030337334,0.10009085386991501
0.09714794158935547,0.10843812674283981
0.05044056475162506,0.08812319487333298
0.056093405932188034,0.10638308525085449
0.06589405983686447,0.11307241767644882
0.049845222383737564,0.10231652855873108
0.05335986241698265,0.10119318962097168
0.1157127097249031,0.16566695272922516
0.06993406265974045,0.10590613633394241
0.04765477403998375,0.09632693976163864
0.0944463387131691,0.126719668507576
0.05952444672584534,0.10623076558113098
0.08046437799930573,0.09718579053878784
0.060788605362176895,0.09872826933860779
0.06760377436876297,0.09983839839696884
0.04826285317540169,0.09684281796216965
0.13458186388015747,0.13255740702152252
0.04827030375599861,0.09361770749092102
0.092027448117733,0.11309816688299179
0.08580341190099716,0.11288288980722427
0.1100306510925293,0.136569544672966
0.05350223556160927,0.10218147188425064
0.05864468216896057,0.10517554730176926
0.044512975960969925,0.09477251023054123
0.1491134762763977,0.10954984277486801
0.0655481293797493,0.10826347023248672
0.10421168059110641,0.10722434520721436
0.06123697757720947,0.0971534252166748
0.0985017642378807,0.12241020053625107
0.06373057514429092,0.10184351354837418
0.07573650032281876,0.11895958334207535
0.07266877591609955,0.12108347564935684
0.0562807060778141,0.10603056102991104
0.07691014558076859,0.11521053314208984
0.08228576183319092,0.1258029192686081
0.0956987738609314,0.1140032410621643
0.06218934431672096,0.10039466619491577
0.04919082298874855,0.10152176022529602
0.08427033573389053,0.11516375094652176
0.06293995678424835,0.10959210246801376
0.06462401151657104,0.11029955744743347
0.06466161459684372,0.09947968274354935
0.08855545520782471,0.14080093801021576
0.07460435479879379,0.10274294763803482
0.0981205478310585,0.11438287049531937
0.07357041537761688,0.11616280674934387
0.03514743223786354,0.08370090276002884
0.15286417305469513,0.1250014752149582
0.054984722286462784,0.10477656126022339
0.07738824188709259,0.11246422678232193
0.06165293976664543,0.10188887268304825
0.08331502974033356,0.12586434185504913
0.05864258483052254,0.11376086622476578
0.13422761857509613,0.1254967898130417
0.057484786957502365,0.10435625910758972
0.03809264674782753,0.08637485653162003
0.141725555062294,0.1875670999288559
0.1186719462275505,0.12854935228824615
0.09916859120130539,0.1124243214726448
0.1102743148803711,0.12272277474403381
0.07187020778656006,0.10176724195480347
0.09725133329629898,0.11383068561553955
0.052414823323488235,0.09929396957159042
0.08605709671974182,0.11840226501226425
0.09834018349647522,0.13141267001628876
0.06498588621616364,0.09616193920373917
0.05614614859223366,0.09763187915086746
0.0857086256146431,0.13132454454898834
0.05492265149950981,0.0989794135093689
0.056023355573415756,0.10153917223215103
0.06790855526924133,0.11761566996574402
0.15885134041309357,0.12822580337524414
0.09716974943876266,0.11866593360900879
0.057107627391815186,0.09801452606916428
0.06053319573402405,0.10765624046325684
0.07176918536424637,0.12696830928325653
0.056747037917375565,0.10730231553316116
0.06647671014070511,0.12082412093877792
0.07802864909172058,0.11536898463964462
0.10054640471935272,0.14532160758972168
0.08025798946619034,0.10662861913442612
0.08480105549097061,0.11878330260515213
0.05391669645905495,0.10023986548185349
0.05572965741157532,0.09485673159360886
0.13902615010738373,0.17918257415294647
0.041717976331710815,0.09007693082094193
0.08393409103155136,0.11415937542915344
0.05307507514953613,0.0965917631983757
0.053582221269607544,0.09733792394399643
0.1441391259431839,0.1259000301361084
0.044510532170534134,0.09195828437805176
0.0730774775147438,0.11648404598236084
0.05328582599759102,0.09656384587287903
0.056063245981931686,0.10587659478187561
0.036404188722372055,0.0852380096912384
0.06376639753580093,0.11281267553567886
0.1695263534784317,0.1511237770318985
0.08049920946359634,0.1010255217552185
0.05913298949599266,0.10667357593774796
0.05564354732632637,0.10568999499082565
0.16672535240650177,0.13824807107448578
0.14404316246509552,0.13757234811782837
0.042959343641996384,0.09051930159330368
0.04753434285521507,0.09700649976730347
0.04333985224366188,0.09097643941640854
0.08810270577669144,0.13367636501789093
0.13990335166454315,0.1235748752951622
0.07929999381303787,0.10132912546396255
0.07546532899141312,0.12843237817287445
0.15181337296962738,0.19445036351680756
0.06381506472826004,0.11764365434646606
0.13483960926532745,0.1107739508152008
0.05389808490872383,0.1037464514374733
0.11890532821416855,0.11788459867238998
0.052259672433137894,0.10143253952264786
0.038289401680231094,0.08372703194618225
0.059295862913131714,0.10595101863145828
0.09644440561532974,0.13394539058208466
0.12670010328292847,0.1745486706495285
0.09630940854549408,0.13434110581874847
0.045698150992393494,0.09278873354196548
0.07037898153066635,0.11107655614614487
0.04755232110619545,0.09609595686197281
0.05752648040652275,0.10730280727148056
0.06968921422958374,0.10171642154455185
0.057422056794166565,0.09442055225372314
0.09169159084558487,0.10168073326349258
0.1096828505396843,0.13360433280467987
0.12192913889884949,0.1192970797419548
0.06492791324853897,0.10047323256731033
0.14951837062835693,0.19096237421035767
0.07799316942691803,0.10045632719993591
0.060455191880464554,0.0866948589682579
0.07080208510160446,0.10816148668527603
0.06456571817398071,0.10501528531312943
0.060256075114011765,0.10988984256982803
0.055582303553819656,0.09970196336507797
0.05397634208202362,0.09352100640535355
0.06806732714176178,0.11391141265630722
0.0658235177397728,0.11891547590494156
0.04645736515522003,0.09225291758775711
0.037942662835121155,0.08675467222929001
0.06076440215110779,0.10748467594385147
0.05837306007742882,0.1034497395157814
0.05220138654112816,0.10572508722543716
0.028384754434227943,0.07821023464202881
0.05393098667263985,0.10634779185056686
0.04620260000228882,0.0929693952202797
0.10140522569417953,0.10604064911603928
0.035955797880887985,0.08377248048782349
0.09819084405899048,0.1350858360528946
0.05826713144779205,0.10124225169420242
0.34574785828590393,0.25303348898887634
0.08950051665306091,0.13177333772182465
0.04274371266365051,0.09117523580789566
0.15346498787403107,0.17666761577129364
0.09648311883211136,0.11436926573514938
0.062347982078790665,0.10531219840049744
0.22972755134105682,0.20726919174194336
0.1059611439704895,0.1421618014574051
0.08116462081670761,0.09486543387174606
0.09067892283201218,0.1301037073135376
0.07230144739151001,0.10749473422765732
0.05236735939979553,0.09749654680490494
0.05509160831570625,0.09299080818891525
0.0732417106628418,0.10352589935064316
0.09001293778419495,0.12488050013780594
0.06468755751848221,0.10977798700332642
0.04901154711842537,0.09922676533460617
0.04651196300983429,0.09470358490943909
0.045612040907144547,0.09463784098625183
0.11028517037630081,0.1330541968345642
0.060405027121305466,0.09782445430755615
0.04507918283343315,0.08751184493303299
0.07941175252199173,0.11287232488393784
0.044959645718336105,0.09380457550287247
0.10261545330286026,0.11185356974601746
0.043716758489608765,0.08871772885322571
0.16076210141181946,0.12672685086727142
0.08818471431732178,0.12140633165836334
0.06621894240379333,0.10912399739027023
0.06677591800689697,0.11651041358709335
0.0671253353357315,0.11752089112997055
0.05892676115036011,0.10289626568555832
0.07703252881765366,0.11881885677576065
0.08378517627716064,0.13263829052448273
0.03343222662806511,0.08287891000509262
0.04550984874367714,0.09552506357431412
0.04614120349287987,0.09471116214990616
0.08022205531597137,0.13226386904716492
0.14564134180545807,0.14553816616535187
0.05004703998565674,0.09736261516809464
0.06156677007675171,0.10294333100318909
0.08632221072912216,0.11367490142583847
0.16357336938381195,0.18626709282398224
0.08232797682285309,0.1308726668357849
0.05657247081398964,0.10626998543739319
0.05773165449500084,0.10000136494636536
0.0625762790441513,0.10963993519544601
0.11264663934707642,0.12730608880519867
0.07501684874296188,0.11931800842285156
0.06964439153671265,0.10737629979848862
0.05065958574414253,0.09543516486883163
0.12777423858642578,0.1503332257270813
0.15891732275485992,0.1330224871635437
0.06410346180200577,0.10062704235315323
0.15347589552402496,0.11465521901845932
0.10200193524360657,0.1420106589794159
0.09893050044775009,0.11742229014635086
0.06264236569404602,0.09412848949432373
0.09099691361188889,0.1338249146938324
0.048654794692993164,0.0914367213845253
0.05117616057395935,0.0923122689127922
0.06442841142416,0.10191348940134048
0.09523370116949081,0.1424516886472702
0.059430256485939026,0.10143304616212845
0.07380277663469315,0.10539645701646805
0.05393160507082939,0.09954100102186203
0.09019440412521362,0.10409289598464966
0.11826609075069427,0.13029371201992035
0.07426130026578903,0.1115192398428917
0.16178764402866364,0.12910400331020355
0.09988623857498169,0.12720465660095215
0.048710595816373825,0.09379980713129044
0.10120219737291336,0.14229606091976166
0.0896335169672966,0.11534834653139114
0.048765700310468674,0.09268826991319656
0.049245815724134445,0.08808597177267075
0.10587519407272339,0.13026559352874756
0.09107545763254166,0.12487690895795822
0.1299201101064682,0.16656015813350677
0.08633584529161453,0.10964027792215347
0.05099041387438774,0.09920009970664978
0.16679905354976654,0.11242696642875671
0.038027822971343994,0.0867224708199501
0.05283908545970917,0.10219503194093704
0.04991111159324646,0.10270465165376663
0.057770807296037674,0.10558736324310303
0.07770856469869614,0.11439242959022522
0.046048879623413086,0.0963415801525116
0.09345608204603195,0.12143024057149887
0.05430358648300171,0.10267289727926254
0.18327121436595917,0.17548227310180664
0.0742507129907608,0.1153065487742424
0.08995243906974792,0.10787474364042282
0.05645472928881645,0.10454591363668442
0.03304402902722359,0.07801655679941177
0.04499220475554466,0.09784971922636032
0.06458831578493118,0.11655732244253159
0.10897395759820938,0.1559826135635376
0.054178327322006226,0.10868018865585327
0.09838717430830002,0.14641182124614716
0.04096677526831627,0.09162754565477371
0.07563095539808273,0.12507620453834534
0.05952836200594902,0.10839720815420151
0.09506764262914658,0.13114029169082642
0.122601717710495,0.13433559238910675
0.11275909096002579,0.12581253051757812
0.07508239150047302,0.10721998661756516
0.1234985738992691,0.12813717126846313
0.044534068554639816,0.08844613283872604
0.08095898479223251,0.1099931001663208
0.1337927132844925,0.17082951962947845
0.09486359357833862,0.10933462530374527
0.10875687748193741,0.13771690428256989
0.08756070584058762,0.11920025199651718
0.05827992781996727,0.10051503032445908
0.08504742383956909,0.11898881196975708
0.10135255008935928,0.14327697455883026
0.06108323112130165,0.10257863998413086
0.1137172058224678,0.1169886663556099
0.08803322166204453,0.13631223142147064
0.07177577912807465,0.0908733680844307
0.15038412809371948,0.1808515340089798
0.0451490692794323,0.09308265894651413
0.04287956655025482,0.0933515802025795
0.20196062326431274,0.1262001246213913
0.06906002014875412,0.11267920583486557
0.08177391439676285,0.11833405494689941
0.058394938707351685,0.11425716429948807
0.17186148464679718,0.13049794733524323
0.06304216384887695,0.10737943649291992
0.04115016385912895,0.09235956519842148
0.061341430991888046,0.09288737922906876
0.0659712478518486,0.10948428511619568
0.07416427135467529,0.12293869256973267
0.057694658637046814,0.10213301330804825
0.07956424355506897,0.1092725619673729
0.07826452702283859,0.1094655767083168
0.04678056016564369,0.08814068883657455
0.08457919955253601,0.12082930654287338
0.10324239730834961,0.1513969451189041
0.10172972083091736,0.13156448304653168
0.0458185076713562,0.09284133464097977
0.06687556952238083,0.1099448874592781
0.06597226113080978,0.11047496646642685
0.23719759285449982,0.15698392689228058
0.07502693682909012,0.11798109859228134
0.08166570216417313,0.09934413433074951
0.11613806337118149,0.12692581117153168
0.06612632423639297,0.11009874939918518
0.0692945346236229,0.0984942689538002
0.03696412593126297,0.08703181147575378
0.12331975251436234,0.15692685544490814
0.034756992012262344,0.08484192937612534
0.09063716977834702,0.12752072513103485
0.11671199649572372,0.10793838649988174
0.056749191135168076,0.10083233565092087
0.06456754356622696,0.10838019847869873
0.08755695819854736,0.1300797015428543
0.1336897611618042,0.136744424700737
0.059860676527023315,0.10503604263067245
0.04479712247848511,0.0936504527926445
0.03888482227921486,0.08783205598592758
0.18859867751598358,0.22055768966674805
0.05832838639616966,0.10809633880853653
0.04418795928359032,0.0975719690322876
0.03442131355404854,0.08763989061117172
0.103910893201828,0.11373284459114075
0.08735799044370651,0.10902475565671921
0.09961529821157455,0.12428288906812668
0.1320943534374237,0.1390419602394104
0.07442887872457504,0.12003634124994278
0.1566355675458908,0.17684006690979004
0.15459220111370087,0.12508516013622284
0.06536192446947098,0.10130143165588379
0.07814792543649673,0.10511692613363266
0.055765584111213684,0.10009217262268066
0.12204346805810928,0.1595713049173355
0.0630200132727623,0.10440405458211899
0.04282572865486145,0.09050682932138443
0.10979407280683517,0.14715246856212616
0.06025763228535652,0.10786169767379761
0.08524617552757263,0.1329372078180313
0.07324732095003128,0.10726656764745712
0.06087636947631836,0.10427391529083252
0.05427439510822296,0.09588688611984253
0.06285351514816284,0.0999554768204689
0.055695775896310806,0.09740609675645828
0.06449565291404724,0.11099808663129807
0.09505412727594376,0.14049802720546722
0.06018933653831482,0.0907248929142952
0.05005498602986336,0.09157531708478928
0.060612305998802185,0.10737138986587524
0.06519544869661331,0.10555758327245712
0.03788955882191658,0.08631342649459839
0.03530405834317207,0.0801306962966919
0.11614736169576645,0.13268814980983734
0.07987097650766373,0.10329575091600418
0.044691234827041626,0.08878044039011002
0.12554608285427094,0.11057066917419434
0.034909408539533615,0.08204048126935959
0.1254964917898178,0.13437318801879883
0.08335509151220322,0.1226734146475792
0.09143947809934616,0.10497337579727173
0.10829149931669235,0.09946856647729874
0.0640316978096962,0.11119932681322098
0.06218564882874489,0.09978675097227097
0.20565976202487946,0.15502621233463287
0.06180417537689209,0.11359897255897522
0.05485069379210472,0.10191500931978226
0.09447118639945984,0.1059945598244667
0.10687670856714249,0.13043266534805298
0.0894191563129425,0.10896293073892593
0.06687762588262558,0.09267833083868027
0.0884479507803917,0.11596433073282242
0.06385759264230728,0.10825828462839127
0.08553579449653625,0.10321018099784851
0.08079717308282852,0.12416190654039383
0.13570673763751984,0.13248004019260406
0.08365216106176376,0.11910410970449448
0.20046979188919067,0.1533738523721695
0.091830313205719,0.13851962983608246
0.05472599342465401,0.10115104168653488
0.06418083608150482,0.10960789769887924
0.06967861205339432,0.1127619668841362
0.09834017604589462,0.138154998421669
0.11228916794061661,0.13213412463665009
0.12997427582740784,0.13458770513534546
0.05805474892258644,0.10559505969285965
0.04469030722975731,0.09507492184638977
0.06204942241311073,0.09983276575803757
0.1250731199979782,0.12409693747758865
0.0908728837966919,0.12998850643634796
0.10520270466804504,0.10724663734436035
0.0839986577630043,0.10878849029541016
0.04695785045623779,0.10027074068784714
0.12664538621902466,0.10412734001874924
0.07048624008893967,0.11464980989694595
0.11053517460823059,0.1441190093755722
0.08476250618696213,0.1091502383351326
0.08544784784317017,0.1114073172211647
0.08403682708740234,0.11199561506509781
0.05213554576039314,0.09993883967399597
0.04603608325123787,0.09094535559415817
0.11709272861480713,0.13468296825885773
0.06785809248685837,0.11562826484441757
0.08462397009134293,0.10918698459863663
0.09014365822076797,0.11236204952001572
0.16206935048103333,0.1587250977754593
0.0615883469581604,0.10493695735931396
0.07967465370893478,0.1108415424823761
0.04683329537510872,0.09695062786340714
0.0935400053858757,0.11909440159797668
0.06262490898370743,0.11152508109807968
0.03881707042455673,0.09011811017990112
0.076384998857975,0.11371607333421707
0.11738768965005875,0.1071830689907074
0.0563448965549469,0.10599524527788162
0.0314885638654232,0.07783544063568115
0.1541534811258316,0.14696919918060303
0.06282933056354523,0.09928508847951889
0.05090548098087311,0.09783793240785599
0.0817045047879219,0.11127462983131409
0.09292364865541458,0.13791866600513458
0.08855468779802322,0.12155439704656601
0.05918039754033089,0.10825765132904053
0.10830703377723694,0.12794101238250732
0.0413626991212368,0.08995165675878525
0.08005818724632263,0.11155369877815247
0.08900060504674911,0.1220199465751648
0.16667349636554718,0.15147638320922852
0.07455725967884064,0.12546728551387787
0.08487709611654282,0.11109626293182373
0.046247825026512146,0.09917804598808289
0.05636294186115265,0.10396435111761093
0.09188439697027206,0.1339481920003891
0.07971585541963577,0.1098913922905922
0.13501931726932526,0.12282940000295639
0.08510658890008926,0.10393724590539932
0.11268726736307144,0.12254179269075394
0.19777601957321167,0.20194904506206512
0.09224031120538712,0.09988194704055786
0.04744444414973259,0.09213929623365402
0.06616643816232681,0.11423181742429733
0.07301974296569824,0.09813263267278671
0.15137627720832825,0.12425080686807632
0.08663871139287949,0.11327642947435379
0.07748773694038391,0.1119687557220459
0.06943030655384064,0.09639273583889008
0.062368035316467285,0.1086677834391594
0.06333038210868835,0.11201008409261703
0.05492217466235161,0.10197896510362625
0.052968498319387436,0.09322234243154526
0.18214552104473114,0.1587444394826889
0.06636133044958115,0.10401952266693115
0.13964980840682983,0.14539240300655365
0.052064891904592514,0.09271452575922012
0.12365523725748062,0.12418635934591293
0.10653901100158691,0.14848767220973969
0.0563194714486599,0.107703298330307
0.16655021905899048,0.12734954059123993
0.07106440514326096,0.11314041167497635
0.062010686844587326,0.1122632697224617
0.09435313940048218,0.11212941259145737
0.03653993085026741,0.08394056558609009
0.04517579451203346,0.09323317557573318
0.1601635217666626,0.12943680584430695
0.07217050343751907,0.11388792842626572
0.09517830610275269,0.10644474625587463
0.0668562650680542,0.10518050938844681
0.04410862550139427,0.09201733022928238
0.06200537458062172,0.10519389063119888
0.05144670605659485,0.10079431533813477
0.1100219115614891,0.13939671218395233
0.04217642918229103,0.09064269065856934
0.09069362282752991,0.11905864626169205
0.15543951094150543,0.13290463387966156
0.04802156612277031,0.09501346200704575
0.07975555956363678,0.11397174745798111
0.06710794568061829,0.108211450278759
0.09511109441518784,0.11464665085077286
0.0500328354537487,0.09224960952997208
0.05551901087164879,0.10430755466222763
0.06364477425813675,0.10026801377534866
0.09596457332372665,0.13035114109516144
0.03528648614883423,0.08563677221536636
0.08810172230005264,0.1152491495013237
0.04031239077448845,0.08628124743700027
0.10324538499116898,0.1386011242866516
0.08853968977928162,0.10408846288919449
0.17428195476531982,0.1326289176940918
0.08715776354074478,0.10523972660303116
0.054468538612127304,0.09138066321611404
0.11587411165237427,0.12522266805171967
0.04880266264081001,0.09309273213148117
0.07307342439889908,0.10404693335294724
0.04781903326511383,0.09633612632751465
0.058549631386995316,0.10665100067853928
0.05085216462612152,0.0953473448753357
0.09713023155927658,0.09955468028783798
0.03633245825767517,0.07806634902954102
0.06831536442041397,0.10849302262067795
0.05325133726000786,0.0984070897102356
0.035502251237630844,0.086524099111557
0.09988226741552353,0.12478109449148178
0.18524281680583954,0.1785012036561966
0.0948847159743309,0.11504664272069931
0.05974549055099487,0.10591293126344681
0.06648365408182144,0.11204782128334045
0.05403326079249382,0.09473688155412674
0.09520254284143448,0.11311333626508713
0.06900127977132797,0.11886680126190186
0.04624788835644722,0.09536806493997574
0.08535640686750412,0.09812939167022705
0.08586142212152481,0.13490210473537445
0.06533922255039215,0.11530643701553345
0.03561348840594292,0.08452296257019043
0.05805446580052376,0.10377158969640732
0.05264236405491829,0.09693491458892822
0.033424261957407,0.07987098395824432
0.09136584401130676,0.13045643270015717
0.08554407209157944,0.11508142203092575
0.09836608916521072,0.11981151252985
0.04104607179760933,0.08856725692749023
0.05393214151263237,0.09193102270364761
0.0663464143872261,0.11830735206604004
0.04059545323252678,0.09552839398384094
0.08169057220220566,0.12822723388671875
0.08116228878498077,0.1130906194448471
0.10884266346693039,0.09853756427764893
0.051047664135694504,0.09651511907577515
0.22221426665782928,0.1721533089876175
0.08461662381887436,0.11971712857484818
0.08560645580291748,0.11268951743841171
0.0696779116988182,0.1120835542678833
0.1734708696603775,0.20794682204723358
0.1138494610786438,0.14997172355651855
0.04890058934688568,0.10027872771024704
0.08077030628919601,0.10363113880157471
0.05256329104304314,0.10369962453842163
0.03865954652428627,0.0890817865729332
0.09245706349611282,0.10390446335077286
0.052060943096876144,0.09933140873908997
0.053635548800230026,0.10835731774568558
0.07319803535938263,0.10401510447263718
0.06929950416088104,0.10973498970270157
0.06554416567087173,0.099305160343647
0.05396345257759094,0.08790182322263718
